
 /----------------------------------------------------------------------------\
 |                                                                            |
 |  yosys -- Yosys Open SYnthesis Suite                                       |
 |                                                                            |
 |  Copyright (C) 2012 - 2019  Clifford Wolf <clifford@clifford.at>           |
 |                                                                            |
 |  Permission to use, copy, modify, and/or distribute this software for any  |
 |  purpose with or without fee is hereby granted, provided that the above    |
 |  copyright notice and this permission notice appear in all copies.         |
 |                                                                            |
 |  THE SOFTWARE IS PROVIDED "AS IS" AND THE AUTHOR DISCLAIMS ALL WARRANTIES  |
 |  WITH REGARD TO THIS SOFTWARE INCLUDING ALL IMPLIED WARRANTIES OF          |
 |  MERCHANTABILITY AND FITNESS. IN NO EVENT SHALL THE AUTHOR BE LIABLE FOR   |
 |  ANY SPECIAL, DIRECT, INDIRECT, OR CONSEQUENTIAL DAMAGES OR ANY DAMAGES    |
 |  WHATSOEVER RESULTING FROM LOSS OF USE, DATA OR PROFITS, WHETHER IN AN     |
 |  ACTION OF CONTRACT, NEGLIGENCE OR OTHER TORTIOUS ACTION, ARISING OUT OF   |
 |  OR IN CONNECTION WITH THE USE OR PERFORMANCE OF THIS SOFTWARE.            |
 |                                                                            |
 \----------------------------------------------------------------------------/

 Yosys 0.9 (git sha1 1979e0b)


-- Running command `read_verilog src/aes.v src/bytepermutation.v src/invmap_8bit.v src/keyexpansion.v src/map_8bit.v src/native_mixcolumns.v src/par2ser.v src/sbox_8bit.v; synth -top aes' --

1. Executing Verilog-2005 frontend: src/aes.v
Parsing Verilog input from `src/aes.v' to AST representation.
Generating RTLIL representation for module `\aes'.
Successfully finished Verilog frontend.

2. Executing Verilog-2005 frontend: src/bytepermutation.v
Parsing Verilog input from `src/bytepermutation.v' to AST representation.
Generating RTLIL representation for module `\bytepermutation'.
Warning: Replacing memory \sreg2_r with list of registers. See src/bytepermutation.v:99
Warning: Replacing memory \sreg1_r with list of registers. See src/bytepermutation.v:98
Warning: Replacing memory \sreg0_r with list of registers. See src/bytepermutation.v:97
Successfully finished Verilog frontend.

3. Executing Verilog-2005 frontend: src/invmap_8bit.v
Parsing Verilog input from `src/invmap_8bit.v' to AST representation.
Generating RTLIL representation for module `\invmap_8bit'.
Successfully finished Verilog frontend.

4. Executing Verilog-2005 frontend: src/keyexpansion.v
Parsing Verilog input from `src/keyexpansion.v' to AST representation.
Generating RTLIL representation for module `\keyexpansion'.
Warning: Replacing memory \shift_r with list of registers. See src/keyexpansion.v:61
Successfully finished Verilog frontend.

5. Executing Verilog-2005 frontend: src/map_8bit.v
Parsing Verilog input from `src/map_8bit.v' to AST representation.
Generating RTLIL representation for module `\map_8bit'.
Successfully finished Verilog frontend.

6. Executing Verilog-2005 frontend: src/native_mixcolumns.v
Parsing Verilog input from `src/native_mixcolumns.v' to AST representation.
Generating RTLIL representation for module `\native_mixcolumns'.
Warning: Replacing memory \accum_r with list of registers. See src/native_mixcolumns.v:40
Successfully finished Verilog frontend.

7. Executing Verilog-2005 frontend: src/par2ser.v
Parsing Verilog input from `src/par2ser.v' to AST representation.
Generating RTLIL representation for module `\par2ser'.
Successfully finished Verilog frontend.

8. Executing Verilog-2005 frontend: src/sbox_8bit.v
Parsing Verilog input from `src/sbox_8bit.v' to AST representation.
Generating RTLIL representation for module `\sbox_8bit'.
Generating RTLIL representation for module `\gf24_square_mult'.
Generating RTLIL representation for module `\gf24_mult'.
Generating RTLIL representation for module `\gf24_inv'.
Generating RTLIL representation for module `\affine'.
Successfully finished Verilog frontend.

9. Executing SYNTH pass.

9.1. Executing HIERARCHY pass (managing design hierarchy).

9.1.1. Analyzing design hierarchy..
Top module:  \aes
Used module:     \par2ser
Used module:     \native_mixcolumns
Used module:     \keyexpansion
Used module:     \bytepermutation
Used module:     \sbox_8bit
Used module:         \affine
Used module:         \gf24_mult
Used module:         \gf24_inv
Used module:         \gf24_square_mult
Used module:     \invmap_8bit
Used module:     \map_8bit

9.1.2. Analyzing design hierarchy..
Top module:  \aes
Used module:     \par2ser
Used module:     \native_mixcolumns
Used module:     \keyexpansion
Used module:     \bytepermutation
Used module:     \sbox_8bit
Used module:         \affine
Used module:         \gf24_mult
Used module:         \gf24_inv
Used module:         \gf24_square_mult
Used module:     \invmap_8bit
Used module:     \map_8bit
Removed 0 unused modules.

9.2. Executing PROC pass (convert processes to netlists).

9.2.1. Executing PROC_CLEAN pass (remove empty switches from decision trees).
Cleaned up 0 empty switches.

9.2.2. Executing PROC_RMDEAD pass (remove dead branches from decision trees).
Marked 1 switch rules as full_case in process $proc$src/sbox_8bit.v:88$198 in module gf24_inv.
Marked 1 switch rules as full_case in process $proc$src/par2ser.v:24$154 in module par2ser.
Marked 1 switch rules as full_case in process $proc$src/native_mixcolumns.v:38$120 in module native_mixcolumns.
Marked 1 switch rules as full_case in process $proc$src/keyexpansion.v:92$95 in module keyexpansion.
Marked 4 switch rules as full_case in process $proc$src/keyexpansion.v:57$88 in module keyexpansion.
Removed 1 dead cases from process $proc$src/keyexpansion.v:33$87 in module keyexpansion.
Marked 1 switch rules as full_case in process $proc$src/keyexpansion.v:33$87 in module keyexpansion.
Marked 1 switch rules as full_case in process $proc$src/bytepermutation.v:94$34 in module bytepermutation.
Marked 1 switch rules as full_case in process $proc$src/bytepermutation.v:63$33 in module bytepermutation.
Removed 1 dead cases from process $proc$src/bytepermutation.v:23$26 in module bytepermutation.
Marked 1 switch rules as full_case in process $proc$src/bytepermutation.v:23$26 in module bytepermutation.
Removed 1 dead cases from process $proc$src/aes.v:101$15 in module aes.
Marked 4 switch rules as full_case in process $proc$src/aes.v:101$15 in module aes.
Marked 2 switch rules as full_case in process $proc$src/aes.v:50$3 in module aes.
Removed a total of 3 dead cases.

9.2.3. Executing PROC_INIT pass (extract init attributes).

9.2.4. Executing PROC_ARST pass (detect async resets in processes).
Found async reset \rst_n in `\aes.$proc$src/aes.v:50$3'.

9.2.5. Executing PROC_MUX pass (convert decision trees to multiplexers).
Creating decoders for process `\gf24_inv.$proc$src/sbox_8bit.v:88$198'.
     1/2: $1\z[3:0]
     2/2: $0\z[3:0]
Creating decoders for process `\par2ser.$proc$src/par2ser.v:24$154'.
     1/4: $0\sreg3_r[7:0]
     2/4: $0\sreg2_r[7:0]
     3/4: $0\sreg1_r[7:0]
     4/4: $0\sreg0_r[7:0]
Creating decoders for process `\native_mixcolumns.$proc$src/native_mixcolumns.v:12$125'.
     1/11: $0$func$\scaling_2b$src/native_mixcolumns.v:34$117$\scaling_2b[7:0]$127
     2/11: $0$func$\scaling_2b$src/native_mixcolumns.v:34$118$\scaling_2b[7:0]$128
     3/11: $0$func$\scaling_2b$src/native_mixcolumns.v:34$118$\z[7:0]$126 [0]
     4/11: $0$func$\scaling_2b$src/native_mixcolumns.v:34$118$\z[7:0]$126 [1]
     5/11: $0$func$\scaling_2b$src/native_mixcolumns.v:34$118$\z[7:0]$126 [2]
     6/11: $0$func$\scaling_2b$src/native_mixcolumns.v:34$118$\z[7:0]$126 [3]
     7/11: $0$func$\scaling_2b$src/native_mixcolumns.v:34$118$\z[7:0]$126 [4]
     8/11: $0$func$\scaling_2b$src/native_mixcolumns.v:34$118$\z[7:0]$126 [5]
     9/11: $0$func$\scaling_2b$src/native_mixcolumns.v:34$118$\z[7:0]$126 [6]
    10/11: $0$func$\scaling_2b$src/native_mixcolumns.v:34$118$\z[7:0]$126 [7]
    11/11: $0$func$\scaling_2b$src/native_mixcolumns.v:34$118$\a[7:0]$129
Creating decoders for process `\native_mixcolumns.$proc$src/native_mixcolumns.v:38$120'.
     1/4: $0\accum_r[3][7:0]
     2/4: $0\accum_r[2][7:0]
     3/4: $0\accum_r[1][7:0]
     4/4: $0\accum_r[0][7:0]
Creating decoders for process `\keyexpansion.$proc$src/keyexpansion.v:92$95'.
     1/2: $1\rcon_value[7:0]
     2/2: $0\rcon_value[7:0]
Creating decoders for process `\keyexpansion.$proc$src/keyexpansion.v:57$88'.
     1/19: $1\i[31:0]
     2/19: $0\i[31:0]
     3/19: $0\shift_r[15][7:0]
     4/19: $0\shift_r[14][7:0]
     5/19: $0\shift_r[13][7:0]
     6/19: $0\shift_r[12][7:0]
     7/19: $0\shift_r[11][7:0]
     8/19: $0\shift_r[10][7:0]
     9/19: $0\shift_r[9][7:0]
    10/19: $0\shift_r[8][7:0]
    11/19: $0\shift_r[7][7:0]
    12/19: $0\shift_r[6][7:0]
    13/19: $0\shift_r[5][7:0]
    14/19: $0\shift_r[4][7:0]
    15/19: $0\shift_r[3][7:0]
    16/19: $0\shift_r[2][7:0]
    17/19: $0\shift_r[0][7:0]
    18/19: $0\rotword_r[7:0]
    19/19: $0\shift_r[1][7:0]
Creating decoders for process `\keyexpansion.$proc$src/keyexpansion.v:33$87'.
     1/8: $1\d3[0:0]
     2/8: $1\d2[0:0]
     3/8: $1\d1[0:0]
     4/8: $1\d0[0:0]
     5/8: $0\d3[0:0]
     6/8: $0\d2[0:0]
     7/8: $0\d1[0:0]
     8/8: $0\d0[0:0]
Creating decoders for process `\bytepermutation.$proc$src/bytepermutation.v:94$34'.
     1/14: $1\i[31:0]
     2/14: $0\i[31:0]
     3/14: $0\sreg2_r[3][7:0]
     4/14: $0\sreg2_r[2][7:0]
     5/14: $0\sreg2_r[1][7:0]
     6/14: $0\sreg2_r[0][7:0]
     7/14: $0\sreg1_r[3][7:0]
     8/14: $0\sreg1_r[2][7:0]
     9/14: $0\sreg1_r[1][7:0]
    10/14: $0\sreg1_r[0][7:0]
    11/14: $0\sreg0_r[3][7:0]
    12/14: $0\sreg0_r[1][7:0]
    13/14: $0\sreg0_r[0][7:0]
    14/14: $0\sreg0_r[2][7:0]
Creating decoders for process `\bytepermutation.$proc$src/bytepermutation.v:63$33'.
     1/8: $1\c3[1:0]
     2/8: $1\c2[0:0]
     3/8: $1\c1[0:0]
     4/8: $1\c0[0:0]
     5/8: $0\c3[1:0]
     6/8: $0\c2[0:0]
     7/8: $0\c1[0:0]
     8/8: $0\c0[0:0]
Creating decoders for process `\bytepermutation.$proc$src/bytepermutation.v:23$26'.
     1/2: $1\control_word[1:0]
     2/2: $0\control_word[1:0]
Creating decoders for process `\aes.$proc$src/aes.v:101$15'.
     1/29: $2\load_par_p2s_reg[0:0]
     2/29: $3\start_mixc_reg[0:0]
     3/29: $2\start_mixc_reg[0:0]
     4/29: $2\load_ser_p2s_reg[0:0]
     5/29: $2\load_keu_reg[0:0]
     6/29: $2\load_bpu_reg[0:0]
     7/29: $2\shift_bpu_reg[0:0]
     8/29: $2\shift_keu_reg[0:0]
     9/29: $2\shift_p2s_reg[0:0]
    10/29: $1\next_state[1:0]
    11/29: $1\load_ser_p2s_reg[0:0]
    12/29: $1\load_keu_reg[0:0]
    13/29: $1\load_bpu_reg[0:0]
    14/29: $1\shift_bpu_reg[0:0]
    15/29: $1\shift_keu_reg[0:0]
    16/29: $1\shift_p2s_reg[0:0]
    17/29: $1\load_par_p2s_reg[0:0]
    18/29: $1\start_mixc_reg[0:0]
    19/29: $1\busy_out_reg[0:0]
    20/29: $0\load_par_p2s_reg[0:0]
    21/29: $0\start_mixc_reg[0:0]
    22/29: $0\load_ser_p2s_reg[0:0]
    23/29: $0\load_keu_reg[0:0]
    24/29: $0\load_bpu_reg[0:0]
    25/29: $0\shift_bpu_reg[0:0]
    26/29: $0\shift_keu_reg[0:0]
    27/29: $0\shift_p2s_reg[0:0]
    28/29: $0\busy_out_reg[0:0]
    29/29: $0\next_state[1:0]
Creating decoders for process `\aes.$proc$src/aes.v:79$14'.
     1/1: $0\output_r[7:0]
Creating decoders for process `\aes.$proc$src/aes.v:50$3'.
     1/3: $0\sequence_r[3:0]
     2/3: $0\round_r[3:0]
     3/3: $0\current_state_r[1:0]

9.2.6. Executing PROC_DLATCH pass (convert process syncs to latches).
No latch inferred for signal `\gf24_inv.\z' from process `\gf24_inv.$proc$src/sbox_8bit.v:88$198'.
No latch inferred for signal `\native_mixcolumns.$func$\scaling_2b$src/native_mixcolumns.v:34$118$\z' from process `\native_mixcolumns.$proc$src/native_mixcolumns.v:12$125'.
No latch inferred for signal `\native_mixcolumns.$func$\scaling_2b$src/native_mixcolumns.v:34$117$\scaling_2b' from process `\native_mixcolumns.$proc$src/native_mixcolumns.v:12$125'.
No latch inferred for signal `\native_mixcolumns.$func$\scaling_2b$src/native_mixcolumns.v:34$118$\scaling_2b' from process `\native_mixcolumns.$proc$src/native_mixcolumns.v:12$125'.
No latch inferred for signal `\native_mixcolumns.$func$\scaling_2b$src/native_mixcolumns.v:34$118$\a' from process `\native_mixcolumns.$proc$src/native_mixcolumns.v:12$125'.
No latch inferred for signal `\keyexpansion.\rcon_value' from process `\keyexpansion.$proc$src/keyexpansion.v:92$95'.
No latch inferred for signal `\keyexpansion.\d0' from process `\keyexpansion.$proc$src/keyexpansion.v:33$87'.
No latch inferred for signal `\keyexpansion.\d1' from process `\keyexpansion.$proc$src/keyexpansion.v:33$87'.
No latch inferred for signal `\keyexpansion.\d2' from process `\keyexpansion.$proc$src/keyexpansion.v:33$87'.
No latch inferred for signal `\keyexpansion.\d3' from process `\keyexpansion.$proc$src/keyexpansion.v:33$87'.
No latch inferred for signal `\bytepermutation.\c0' from process `\bytepermutation.$proc$src/bytepermutation.v:63$33'.
No latch inferred for signal `\bytepermutation.\c1' from process `\bytepermutation.$proc$src/bytepermutation.v:63$33'.
No latch inferred for signal `\bytepermutation.\c2' from process `\bytepermutation.$proc$src/bytepermutation.v:63$33'.
No latch inferred for signal `\bytepermutation.\c3' from process `\bytepermutation.$proc$src/bytepermutation.v:63$33'.
No latch inferred for signal `\bytepermutation.\control_word' from process `\bytepermutation.$proc$src/bytepermutation.v:23$26'.
No latch inferred for signal `\aes.\busy_out_reg' from process `\aes.$proc$src/aes.v:101$15'.
No latch inferred for signal `\aes.\shift_p2s_reg' from process `\aes.$proc$src/aes.v:101$15'.
No latch inferred for signal `\aes.\shift_keu_reg' from process `\aes.$proc$src/aes.v:101$15'.
No latch inferred for signal `\aes.\shift_bpu_reg' from process `\aes.$proc$src/aes.v:101$15'.
No latch inferred for signal `\aes.\load_bpu_reg' from process `\aes.$proc$src/aes.v:101$15'.
No latch inferred for signal `\aes.\load_keu_reg' from process `\aes.$proc$src/aes.v:101$15'.
No latch inferred for signal `\aes.\load_ser_p2s_reg' from process `\aes.$proc$src/aes.v:101$15'.
No latch inferred for signal `\aes.\start_mixc_reg' from process `\aes.$proc$src/aes.v:101$15'.
No latch inferred for signal `\aes.\load_par_p2s_reg' from process `\aes.$proc$src/aes.v:101$15'.
Latch inferred for signal `\aes.\next_state' from process `\aes.$proc$src/aes.v:101$15': $auto$proc_dlatch.cc:409:proc_dlatch$615

9.2.7. Executing PROC_DFF pass (convert process syncs to FFs).
Creating register for signal `\par2ser.\sreg0_r' using process `\par2ser.$proc$src/par2ser.v:24$154'.
  created $dff cell `$procdff$616' with positive edge clock.
Creating register for signal `\par2ser.\sreg1_r' using process `\par2ser.$proc$src/par2ser.v:24$154'.
  created $dff cell `$procdff$617' with positive edge clock.
Creating register for signal `\par2ser.\sreg2_r' using process `\par2ser.$proc$src/par2ser.v:24$154'.
  created $dff cell `$procdff$618' with positive edge clock.
Creating register for signal `\par2ser.\sreg3_r' using process `\par2ser.$proc$src/par2ser.v:24$154'.
  created $dff cell `$procdff$619' with positive edge clock.
Creating register for signal `\native_mixcolumns.\accum_r[0]' using process `\native_mixcolumns.$proc$src/native_mixcolumns.v:38$120'.
  created $dff cell `$procdff$620' with positive edge clock.
Creating register for signal `\native_mixcolumns.\accum_r[1]' using process `\native_mixcolumns.$proc$src/native_mixcolumns.v:38$120'.
  created $dff cell `$procdff$621' with positive edge clock.
Creating register for signal `\native_mixcolumns.\accum_r[2]' using process `\native_mixcolumns.$proc$src/native_mixcolumns.v:38$120'.
  created $dff cell `$procdff$622' with positive edge clock.
Creating register for signal `\native_mixcolumns.\accum_r[3]' using process `\native_mixcolumns.$proc$src/native_mixcolumns.v:38$120'.
  created $dff cell `$procdff$623' with positive edge clock.
Creating register for signal `\keyexpansion.\i' using process `\keyexpansion.$proc$src/keyexpansion.v:57$88'.
  created $dff cell `$procdff$624' with positive edge clock.
Creating register for signal `\keyexpansion.\shift_r[1]' using process `\keyexpansion.$proc$src/keyexpansion.v:57$88'.
  created $dff cell `$procdff$625' with positive edge clock.
Creating register for signal `\keyexpansion.\rotword_r' using process `\keyexpansion.$proc$src/keyexpansion.v:57$88'.
  created $dff cell `$procdff$626' with positive edge clock.
Creating register for signal `\keyexpansion.\shift_r[0]' using process `\keyexpansion.$proc$src/keyexpansion.v:57$88'.
  created $dff cell `$procdff$627' with positive edge clock.
Creating register for signal `\keyexpansion.\shift_r[2]' using process `\keyexpansion.$proc$src/keyexpansion.v:57$88'.
  created $dff cell `$procdff$628' with positive edge clock.
Creating register for signal `\keyexpansion.\shift_r[3]' using process `\keyexpansion.$proc$src/keyexpansion.v:57$88'.
  created $dff cell `$procdff$629' with positive edge clock.
Creating register for signal `\keyexpansion.\shift_r[4]' using process `\keyexpansion.$proc$src/keyexpansion.v:57$88'.
  created $dff cell `$procdff$630' with positive edge clock.
Creating register for signal `\keyexpansion.\shift_r[5]' using process `\keyexpansion.$proc$src/keyexpansion.v:57$88'.
  created $dff cell `$procdff$631' with positive edge clock.
Creating register for signal `\keyexpansion.\shift_r[6]' using process `\keyexpansion.$proc$src/keyexpansion.v:57$88'.
  created $dff cell `$procdff$632' with positive edge clock.
Creating register for signal `\keyexpansion.\shift_r[7]' using process `\keyexpansion.$proc$src/keyexpansion.v:57$88'.
  created $dff cell `$procdff$633' with positive edge clock.
Creating register for signal `\keyexpansion.\shift_r[8]' using process `\keyexpansion.$proc$src/keyexpansion.v:57$88'.
  created $dff cell `$procdff$634' with positive edge clock.
Creating register for signal `\keyexpansion.\shift_r[9]' using process `\keyexpansion.$proc$src/keyexpansion.v:57$88'.
  created $dff cell `$procdff$635' with positive edge clock.
Creating register for signal `\keyexpansion.\shift_r[10]' using process `\keyexpansion.$proc$src/keyexpansion.v:57$88'.
  created $dff cell `$procdff$636' with positive edge clock.
Creating register for signal `\keyexpansion.\shift_r[11]' using process `\keyexpansion.$proc$src/keyexpansion.v:57$88'.
  created $dff cell `$procdff$637' with positive edge clock.
Creating register for signal `\keyexpansion.\shift_r[12]' using process `\keyexpansion.$proc$src/keyexpansion.v:57$88'.
  created $dff cell `$procdff$638' with positive edge clock.
Creating register for signal `\keyexpansion.\shift_r[13]' using process `\keyexpansion.$proc$src/keyexpansion.v:57$88'.
  created $dff cell `$procdff$639' with positive edge clock.
Creating register for signal `\keyexpansion.\shift_r[14]' using process `\keyexpansion.$proc$src/keyexpansion.v:57$88'.
  created $dff cell `$procdff$640' with positive edge clock.
Creating register for signal `\keyexpansion.\shift_r[15]' using process `\keyexpansion.$proc$src/keyexpansion.v:57$88'.
  created $dff cell `$procdff$641' with positive edge clock.
Creating register for signal `\bytepermutation.\sreg0_r[2]' using process `\bytepermutation.$proc$src/bytepermutation.v:94$34'.
  created $dff cell `$procdff$642' with positive edge clock.
Creating register for signal `\bytepermutation.\i' using process `\bytepermutation.$proc$src/bytepermutation.v:94$34'.
  created $dff cell `$procdff$643' with positive edge clock.
Creating register for signal `\bytepermutation.\sreg0_r[0]' using process `\bytepermutation.$proc$src/bytepermutation.v:94$34'.
  created $dff cell `$procdff$644' with positive edge clock.
Creating register for signal `\bytepermutation.\sreg0_r[1]' using process `\bytepermutation.$proc$src/bytepermutation.v:94$34'.
  created $dff cell `$procdff$645' with positive edge clock.
Creating register for signal `\bytepermutation.\sreg0_r[3]' using process `\bytepermutation.$proc$src/bytepermutation.v:94$34'.
  created $dff cell `$procdff$646' with positive edge clock.
Creating register for signal `\bytepermutation.\sreg1_r[0]' using process `\bytepermutation.$proc$src/bytepermutation.v:94$34'.
  created $dff cell `$procdff$647' with positive edge clock.
Creating register for signal `\bytepermutation.\sreg1_r[1]' using process `\bytepermutation.$proc$src/bytepermutation.v:94$34'.
  created $dff cell `$procdff$648' with positive edge clock.
Creating register for signal `\bytepermutation.\sreg1_r[2]' using process `\bytepermutation.$proc$src/bytepermutation.v:94$34'.
  created $dff cell `$procdff$649' with positive edge clock.
Creating register for signal `\bytepermutation.\sreg1_r[3]' using process `\bytepermutation.$proc$src/bytepermutation.v:94$34'.
  created $dff cell `$procdff$650' with positive edge clock.
Creating register for signal `\bytepermutation.\sreg2_r[0]' using process `\bytepermutation.$proc$src/bytepermutation.v:94$34'.
  created $dff cell `$procdff$651' with positive edge clock.
Creating register for signal `\bytepermutation.\sreg2_r[1]' using process `\bytepermutation.$proc$src/bytepermutation.v:94$34'.
  created $dff cell `$procdff$652' with positive edge clock.
Creating register for signal `\bytepermutation.\sreg2_r[2]' using process `\bytepermutation.$proc$src/bytepermutation.v:94$34'.
  created $dff cell `$procdff$653' with positive edge clock.
Creating register for signal `\bytepermutation.\sreg2_r[3]' using process `\bytepermutation.$proc$src/bytepermutation.v:94$34'.
  created $dff cell `$procdff$654' with positive edge clock.
Creating register for signal `\aes.\output_r' using process `\aes.$proc$src/aes.v:79$14'.
  created $dff cell `$procdff$655' with positive edge clock.
Creating register for signal `\aes.\current_state_r' using process `\aes.$proc$src/aes.v:50$3'.
  created $adff cell `$procdff$656' with positive edge clock and negative level reset.
Creating register for signal `\aes.\round_r' using process `\aes.$proc$src/aes.v:50$3'.
  created $adff cell `$procdff$657' with positive edge clock and negative level reset.
Creating register for signal `\aes.\sequence_r' using process `\aes.$proc$src/aes.v:50$3'.
  created $adff cell `$procdff$658' with positive edge clock and negative level reset.

9.2.8. Executing PROC_CLEAN pass (remove empty switches from decision trees).
Found and cleaned up 1 empty switch in `\gf24_inv.$proc$src/sbox_8bit.v:88$198'.
Removing empty process `gf24_inv.$proc$src/sbox_8bit.v:88$198'.
Found and cleaned up 3 empty switches in `\par2ser.$proc$src/par2ser.v:24$154'.
Removing empty process `par2ser.$proc$src/par2ser.v:24$154'.
Removing empty process `native_mixcolumns.$proc$src/native_mixcolumns.v:12$125'.
Found and cleaned up 1 empty switch in `\native_mixcolumns.$proc$src/native_mixcolumns.v:38$120'.
Removing empty process `native_mixcolumns.$proc$src/native_mixcolumns.v:38$120'.
Found and cleaned up 1 empty switch in `\keyexpansion.$proc$src/keyexpansion.v:92$95'.
Removing empty process `keyexpansion.$proc$src/keyexpansion.v:92$95'.
Found and cleaned up 5 empty switches in `\keyexpansion.$proc$src/keyexpansion.v:57$88'.
Removing empty process `keyexpansion.$proc$src/keyexpansion.v:57$88'.
Found and cleaned up 1 empty switch in `\keyexpansion.$proc$src/keyexpansion.v:33$87'.
Removing empty process `keyexpansion.$proc$src/keyexpansion.v:33$87'.
Found and cleaned up 2 empty switches in `\bytepermutation.$proc$src/bytepermutation.v:94$34'.
Removing empty process `bytepermutation.$proc$src/bytepermutation.v:94$34'.
Found and cleaned up 1 empty switch in `\bytepermutation.$proc$src/bytepermutation.v:63$33'.
Removing empty process `bytepermutation.$proc$src/bytepermutation.v:63$33'.
Found and cleaned up 1 empty switch in `\bytepermutation.$proc$src/bytepermutation.v:23$26'.
Removing empty process `bytepermutation.$proc$src/bytepermutation.v:23$26'.
Found and cleaned up 4 empty switches in `\aes.$proc$src/aes.v:101$15'.
Removing empty process `aes.$proc$src/aes.v:101$15'.
Found and cleaned up 1 empty switch in `\aes.$proc$src/aes.v:79$14'.
Removing empty process `aes.$proc$src/aes.v:79$14'.
Found and cleaned up 4 empty switches in `\aes.$proc$src/aes.v:50$3'.
Removing empty process `aes.$proc$src/aes.v:50$3'.
Cleaned up 25 empty switches.

9.3. Executing OPT_EXPR pass (perform const folding).
Optimizing module affine.
Optimizing module gf24_inv.
<suppressed ~1 debug messages>
Optimizing module gf24_mult.
Optimizing module gf24_square_mult.
Optimizing module sbox_8bit.
Optimizing module par2ser.
<suppressed ~5 debug messages>
Optimizing module native_mixcolumns.
Optimizing module map_8bit.
Optimizing module keyexpansion.
<suppressed ~17 debug messages>
Optimizing module invmap_8bit.
Optimizing module bytepermutation.
<suppressed ~8 debug messages>
Optimizing module aes.
<suppressed ~29 debug messages>

9.4. Executing OPT_CLEAN pass (remove unused cells and wires).
Finding unused cells or wires in module \affine..
Finding unused cells or wires in module \gf24_inv..
Finding unused cells or wires in module \gf24_mult..
Finding unused cells or wires in module \gf24_square_mult..
Finding unused cells or wires in module \sbox_8bit..
Finding unused cells or wires in module \par2ser..
Finding unused cells or wires in module \native_mixcolumns..
Finding unused cells or wires in module \map_8bit..
Finding unused cells or wires in module \keyexpansion..
Finding unused cells or wires in module \invmap_8bit..
Finding unused cells or wires in module \bytepermutation..
Finding unused cells or wires in module \aes..
Removed 7 unused cells and 245 unused wires.
<suppressed ~21 debug messages>

9.5. Executing CHECK pass (checking for obvious problems).
checking module aes..
checking module affine..
checking module bytepermutation..
checking module gf24_inv..
checking module gf24_mult..
checking module gf24_square_mult..
checking module invmap_8bit..
checking module keyexpansion..
checking module map_8bit..
checking module native_mixcolumns..
checking module par2ser..
checking module sbox_8bit..
found and reported 0 problems.

9.6. Executing OPT pass (performing simple optimizations).

9.6.1. Executing OPT_EXPR pass (perform const folding).
Optimizing module aes.
Optimizing module affine.
Optimizing module bytepermutation.
Optimizing module gf24_inv.
Optimizing module gf24_mult.
Optimizing module gf24_square_mult.
Optimizing module invmap_8bit.
Optimizing module keyexpansion.
Optimizing module map_8bit.
Optimizing module native_mixcolumns.
Optimizing module par2ser.
Optimizing module sbox_8bit.

9.6.2. Executing OPT_MERGE pass (detect identical cells).
Finding identical cells in module `\aes'.
<suppressed ~162 debug messages>
Finding identical cells in module `\affine'.
<suppressed ~6 debug messages>
Finding identical cells in module `\bytepermutation'.
<suppressed ~33 debug messages>
Finding identical cells in module `\gf24_inv'.
Finding identical cells in module `\gf24_mult'.
Finding identical cells in module `\gf24_square_mult'.
Finding identical cells in module `\invmap_8bit'.
<suppressed ~9 debug messages>
Finding identical cells in module `\keyexpansion'.
<suppressed ~174 debug messages>
Finding identical cells in module `\map_8bit'.
<suppressed ~15 debug messages>
Finding identical cells in module `\native_mixcolumns'.
<suppressed ~3 debug messages>
Finding identical cells in module `\par2ser'.
Finding identical cells in module `\sbox_8bit'.
Removed a total of 134 cells.

9.6.3. Executing OPT_MUXTREE pass (detect dead branches in mux trees).
Running muxtree optimizer on module \aes..
  Creating internal representation of mux trees.
  Evaluating internal representation of mux trees.
  Analyzing evaluation results.
    dead port 2/2 on $mux $procmux$508.
    dead port 2/2 on $mux $procmux$518.
    dead port 2/2 on $mux $procmux$455.
    dead port 2/2 on $mux $procmux$528.
    dead port 2/2 on $mux $procmux$461.
    dead port 2/2 on $mux $procmux$468.
    dead port 2/2 on $mux $procmux$478.
    dead port 2/2 on $mux $procmux$488.
    dead port 2/2 on $mux $procmux$498.
Running muxtree optimizer on module \affine..
  Creating internal representation of mux trees.
  No muxes found in this module.
Running muxtree optimizer on module \bytepermutation..
  Creating internal representation of mux trees.
  Evaluating internal representation of mux trees.
  Analyzing evaluation results.
Running muxtree optimizer on module \gf24_inv..
  Creating internal representation of mux trees.
  Evaluating internal representation of mux trees.
  Analyzing evaluation results.
Running muxtree optimizer on module \gf24_mult..
  Creating internal representation of mux trees.
  No muxes found in this module.
Running muxtree optimizer on module \gf24_square_mult..
  Creating internal representation of mux trees.
  No muxes found in this module.
Running muxtree optimizer on module \invmap_8bit..
  Creating internal representation of mux trees.
  No muxes found in this module.
Running muxtree optimizer on module \keyexpansion..
  Creating internal representation of mux trees.
  Evaluating internal representation of mux trees.
  Analyzing evaluation results.
Running muxtree optimizer on module \map_8bit..
  Creating internal representation of mux trees.
  No muxes found in this module.
Running muxtree optimizer on module \native_mixcolumns..
  Creating internal representation of mux trees.
  Evaluating internal representation of mux trees.
  Analyzing evaluation results.
Running muxtree optimizer on module \par2ser..
  Creating internal representation of mux trees.
  Evaluating internal representation of mux trees.
  Analyzing evaluation results.
Running muxtree optimizer on module \sbox_8bit..
  Creating internal representation of mux trees.
  No muxes found in this module.
Removed 9 multiplexer ports.
<suppressed ~65 debug messages>

9.6.4. Executing OPT_REDUCE pass (consolidate $*mux and $reduce_* inputs).
  Optimizing cells in module \aes.
    New ctrl vector for $pmux cell $procmux$503: { $auto$opt_reduce.cc:132:opt_mux$662 $auto$opt_reduce.cc:132:opt_mux$660 }
    New ctrl vector for $pmux cell $procmux$523: { $procmux$476_CMP $auto$opt_reduce.cc:132:opt_mux$664 }
    New ctrl vector for $pmux cell $procmux$531: { $procmux$469_CMP $procmux$456_CMP }
    New ctrl vector for $pmux cell $procmux$551: { $procmux$479_CMP $auto$opt_reduce.cc:132:opt_mux$666 }
    New ctrl vector for $pmux cell $procmux$473: { $auto$opt_reduce.cc:132:opt_mux$670 $auto$opt_reduce.cc:132:opt_mux$668 }
    New ctrl vector for $pmux cell $procmux$556: { $procmux$479_CMP $auto$opt_reduce.cc:132:opt_mux$672 }
    New ctrl vector for $pmux cell $procmux$561: { $procmux$479_CMP $auto$opt_reduce.cc:132:opt_mux$674 }
    New ctrl vector for $pmux cell $procmux$483: { $auto$opt_reduce.cc:132:opt_mux$678 $auto$opt_reduce.cc:132:opt_mux$676 }
    New ctrl vector for $pmux cell $procmux$573: $auto$opt_reduce.cc:132:opt_mux$680
    New ctrl vector for $pmux cell $procmux$493: { $auto$opt_reduce.cc:132:opt_mux$684 $auto$opt_reduce.cc:132:opt_mux$682 }
    New ctrl vector for $pmux cell $procmux$589: { $auto$opt_reduce.cc:132:opt_mux$686 $procmux$456_CMP }
    New ctrl vector for $pmux cell $procmux$513: { $auto$opt_reduce.cc:132:opt_mux$690 $auto$opt_reduce.cc:132:opt_mux$688 }
    New input vector for $reduce_or cell $auto$opt_reduce.cc:126:opt_mux$659: { $procmux$474_CMP $procmux$476_CMP }
    New input vector for $reduce_or cell $auto$opt_reduce.cc:126:opt_mux$661: { $procmux$475_CMP $procmux$477_CMP }
    New input vector for $reduce_or cell $auto$opt_reduce.cc:126:opt_mux$663: { $procmux$474_CMP $procmux$475_CMP $procmux$477_CMP }
    New input vector for $reduce_or cell $auto$opt_reduce.cc:126:opt_mux$665: { $procmux$456_CMP $procmux$469_CMP }
    New input vector for $reduce_or cell $auto$opt_reduce.cc:126:opt_mux$667: { $procmux$474_CMP $procmux$475_CMP }
    New input vector for $reduce_or cell $auto$opt_reduce.cc:126:opt_mux$669: { $procmux$476_CMP $procmux$477_CMP }
    New input vector for $reduce_or cell $auto$opt_reduce.cc:126:opt_mux$671: { $procmux$456_CMP $procmux$469_CMP }
    New input vector for $reduce_or cell $auto$opt_reduce.cc:126:opt_mux$673: { $procmux$456_CMP $procmux$469_CMP }
    New input vector for $reduce_or cell $auto$opt_reduce.cc:126:opt_mux$675: { $procmux$474_CMP $procmux$475_CMP }
    New input vector for $reduce_or cell $auto$opt_reduce.cc:126:opt_mux$677: { $procmux$476_CMP $procmux$477_CMP }
    New input vector for $reduce_or cell $auto$opt_reduce.cc:126:opt_mux$679: { $procmux$456_CMP $procmux$469_CMP }
    New input vector for $reduce_or cell $auto$opt_reduce.cc:126:opt_mux$681: { $procmux$474_CMP $procmux$475_CMP }
    New input vector for $reduce_or cell $auto$opt_reduce.cc:126:opt_mux$683: { $procmux$476_CMP $procmux$477_CMP }
    New input vector for $reduce_or cell $auto$opt_reduce.cc:126:opt_mux$685: { $procmux$469_CMP $procmux$479_CMP }
    New input vector for $reduce_or cell $auto$opt_reduce.cc:126:opt_mux$687: { $procmux$474_CMP $procmux$476_CMP }
    New input vector for $reduce_or cell $auto$opt_reduce.cc:126:opt_mux$689: { $procmux$475_CMP $procmux$477_CMP }
  Optimizing cells in module \aes.
  Optimizing cells in module \affine.
  Optimizing cells in module \bytepermutation.
    New input vector for $reduce_or cell $procmux$392_ANY: { $procmux$392_CMP [0] $procmux$392_CMP [1] }
    New ctrl vector for $pmux cell $procmux$434: { $procmux$447_CMP $auto$opt_reduce.cc:132:opt_mux$696 $auto$opt_reduce.cc:132:opt_mux$694 $auto$opt_reduce.cc:132:opt_mux$692 }
    New input vector for $reduce_or cell $auto$opt_reduce.cc:126:opt_mux$691: { $procmux$436_CMP $procmux$435_CMP $procmux$437_CMP $procmux$438_CMP $procmux$440_CMP $procmux$442_CMP $procmux$446_CMP $procmux$450_CMP }
    New input vector for $reduce_or cell $auto$opt_reduce.cc:126:opt_mux$693: { $procmux$439_CMP $procmux$441_CMP $procmux$445_CMP $procmux$449_CMP }
    New input vector for $reduce_or cell $auto$opt_reduce.cc:126:opt_mux$695: { $procmux$443_CMP $procmux$444_CMP $procmux$448_CMP }
  Optimizing cells in module \bytepermutation.
  Optimizing cells in module \gf24_inv.
  Optimizing cells in module \gf24_mult.
  Optimizing cells in module \gf24_square_mult.
  Optimizing cells in module \invmap_8bit.
  Optimizing cells in module \keyexpansion.
    New input vector for $reduce_or cell $procmux$352_ANY: { $procmux$352_CMP [0] $procmux$352_CMP [1] $procmux$352_CMP [2] $procmux$352_CMP [3] $procmux$352_CMP [4] $procmux$352_CMP [5] $procmux$352_CMP [6] $procmux$352_CMP [7] }
    New input vector for $reduce_or cell $procmux$351_ANY: { $procmux$351_CMP [0] $procmux$351_CMP [1] $procmux$351_CMP [2] $procmux$351_CMP [3] }
    New ctrl vector for $pmux cell $procmux$357: { $auto$opt_reduce.cc:132:opt_mux$698 $procmux$351_CTRL }
    New ctrl vector for $pmux cell $procmux$364: { $auto$opt_reduce.cc:132:opt_mux$702 $auto$opt_reduce.cc:132:opt_mux$700 }
    New ctrl vector for $pmux cell $procmux$371: { $auto$opt_reduce.cc:132:opt_mux$706 $auto$opt_reduce.cc:132:opt_mux$704 }
    New ctrl vector for $pmux cell $procmux$350: { $eq$src/keyexpansion.v:87$94_Y $auto$opt_reduce.cc:132:opt_mux$708 }
    New input vector for $reduce_or cell $auto$opt_reduce.cc:126:opt_mux$697: { $eq$src/keyexpansion.v:87$94_Y $procmux$352_CMP [0] $procmux$352_CMP [1] $procmux$352_CMP [2] $procmux$352_CMP [3] $procmux$352_CMP [4] $procmux$352_CMP [5] $procmux$352_CMP [6] $procmux$352_CMP [7] $procmux$353_CMP $procmux$354_CMP $procmux$355_CMP }
    New input vector for $reduce_or cell $auto$opt_reduce.cc:126:opt_mux$699: { $procmux$351_CMP [0] $procmux$351_CMP [1] $procmux$351_CMP [2] $procmux$351_CMP [3] $procmux$352_CMP [0] $procmux$352_CMP [1] $procmux$352_CMP [2] $procmux$352_CMP [3] $procmux$352_CMP [4] $procmux$352_CMP [5] $procmux$352_CMP [6] $procmux$352_CMP [7] }
    New input vector for $reduce_or cell $auto$opt_reduce.cc:126:opt_mux$701: { $eq$src/keyexpansion.v:87$94_Y $procmux$353_CMP $procmux$354_CMP $procmux$355_CMP }
    New input vector for $reduce_or cell $auto$opt_reduce.cc:126:opt_mux$703: { $procmux$351_CMP [0] $procmux$351_CMP [1] $procmux$351_CMP [2] $procmux$351_CMP [3] $procmux$352_CMP [0] $procmux$352_CMP [1] $procmux$352_CMP [2] $procmux$352_CMP [3] $procmux$352_CMP [4] $procmux$352_CMP [5] $procmux$352_CMP [6] $procmux$352_CMP [7] $procmux$353_CMP }
    New input vector for $reduce_or cell $auto$opt_reduce.cc:126:opt_mux$705: { $eq$src/keyexpansion.v:87$94_Y $procmux$354_CMP $procmux$355_CMP }
    New input vector for $reduce_or cell $auto$opt_reduce.cc:126:opt_mux$707: { $procmux$351_CMP [0] $procmux$351_CMP [1] $procmux$351_CMP [2] $procmux$351_CMP [3] $procmux$352_CMP [0] $procmux$352_CMP [1] $procmux$352_CMP [2] $procmux$352_CMP [3] $procmux$352_CMP [4] $procmux$352_CMP [5] $procmux$352_CMP [6] $procmux$352_CMP [7] $procmux$353_CMP $procmux$354_CMP $procmux$355_CMP }
  Optimizing cells in module \keyexpansion.
  Optimizing cells in module \map_8bit.
  Optimizing cells in module \native_mixcolumns.
  Optimizing cells in module \par2ser.
  Optimizing cells in module \sbox_8bit.
Performed a total of 45 changes.

9.6.5. Executing OPT_MERGE pass (detect identical cells).
Finding identical cells in module `\aes'.
<suppressed ~51 debug messages>
Finding identical cells in module `\affine'.
Finding identical cells in module `\bytepermutation'.
Finding identical cells in module `\gf24_inv'.
Finding identical cells in module `\gf24_mult'.
Finding identical cells in module `\gf24_square_mult'.
Finding identical cells in module `\invmap_8bit'.
Finding identical cells in module `\keyexpansion'.
<suppressed ~3 debug messages>
Finding identical cells in module `\map_8bit'.
Finding identical cells in module `\native_mixcolumns'.
Finding identical cells in module `\par2ser'.
Finding identical cells in module `\sbox_8bit'.
Removed a total of 18 cells.

9.6.6. Executing OPT_RMDFF pass (remove dff with constant values).

9.6.7. Executing OPT_CLEAN pass (remove unused cells and wires).
Finding unused cells or wires in module \aes..
Finding unused cells or wires in module \affine..
Finding unused cells or wires in module \bytepermutation..
Finding unused cells or wires in module \gf24_inv..
Finding unused cells or wires in module \gf24_mult..
Finding unused cells or wires in module \gf24_square_mult..
Finding unused cells or wires in module \invmap_8bit..
Finding unused cells or wires in module \keyexpansion..
Finding unused cells or wires in module \map_8bit..
Finding unused cells or wires in module \native_mixcolumns..
Finding unused cells or wires in module \par2ser..
Finding unused cells or wires in module \sbox_8bit..
Removed 1 unused cells and 127 unused wires.
<suppressed ~8 debug messages>

9.6.8. Executing OPT_EXPR pass (perform const folding).
Optimizing module aes.
Optimizing module affine.
Optimizing module bytepermutation.
Optimizing module gf24_inv.
Optimizing module gf24_mult.
Optimizing module gf24_square_mult.
Optimizing module invmap_8bit.
Optimizing module keyexpansion.
Optimizing module map_8bit.
Optimizing module native_mixcolumns.
Optimizing module par2ser.
Optimizing module sbox_8bit.

9.6.9. Rerunning OPT passes. (Maybe there is more to do..)

9.6.10. Executing OPT_MUXTREE pass (detect dead branches in mux trees).
Running muxtree optimizer on module \aes..
  Creating internal representation of mux trees.
  Evaluating internal representation of mux trees.
  Analyzing evaluation results.
Running muxtree optimizer on module \affine..
  Creating internal representation of mux trees.
  No muxes found in this module.
Running muxtree optimizer on module \bytepermutation..
  Creating internal representation of mux trees.
  Evaluating internal representation of mux trees.
  Analyzing evaluation results.
Running muxtree optimizer on module \gf24_inv..
  Creating internal representation of mux trees.
  Evaluating internal representation of mux trees.
  Analyzing evaluation results.
Running muxtree optimizer on module \gf24_mult..
  Creating internal representation of mux trees.
  No muxes found in this module.
Running muxtree optimizer on module \gf24_square_mult..
  Creating internal representation of mux trees.
  No muxes found in this module.
Running muxtree optimizer on module \invmap_8bit..
  Creating internal representation of mux trees.
  No muxes found in this module.
Running muxtree optimizer on module \keyexpansion..
  Creating internal representation of mux trees.
  Evaluating internal representation of mux trees.
  Analyzing evaluation results.
Running muxtree optimizer on module \map_8bit..
  Creating internal representation of mux trees.
  No muxes found in this module.
Running muxtree optimizer on module \native_mixcolumns..
  Creating internal representation of mux trees.
  Evaluating internal representation of mux trees.
  Analyzing evaluation results.
Running muxtree optimizer on module \par2ser..
  Creating internal representation of mux trees.
  Evaluating internal representation of mux trees.
  Analyzing evaluation results.
Running muxtree optimizer on module \sbox_8bit..
  Creating internal representation of mux trees.
  No muxes found in this module.
Removed 0 multiplexer ports.
<suppressed ~63 debug messages>

9.6.11. Executing OPT_REDUCE pass (consolidate $*mux and $reduce_* inputs).
  Optimizing cells in module \aes.
    New ctrl vector for $pmux cell $procmux$569: $auto$opt_reduce.cc:132:opt_mux$710
    New input vector for $reduce_or cell $auto$opt_reduce.cc:126:opt_mux$709: { $procmux$456_CMP $procmux$469_CMP }
  Optimizing cells in module \aes.
  Optimizing cells in module \affine.
  Optimizing cells in module \bytepermutation.
  Optimizing cells in module \gf24_inv.
  Optimizing cells in module \gf24_mult.
  Optimizing cells in module \gf24_square_mult.
  Optimizing cells in module \invmap_8bit.
  Optimizing cells in module \keyexpansion.
    New ctrl vector for $pmux cell $procmux$332: { $procmux$294_CMP $procmux$333_CMP }
  Optimizing cells in module \keyexpansion.
  Optimizing cells in module \map_8bit.
  Optimizing cells in module \native_mixcolumns.
  Optimizing cells in module \par2ser.
  Optimizing cells in module \sbox_8bit.
Performed a total of 3 changes.

9.6.12. Executing OPT_MERGE pass (detect identical cells).
Finding identical cells in module `\aes'.
Finding identical cells in module `\affine'.
Finding identical cells in module `\bytepermutation'.
Finding identical cells in module `\gf24_inv'.
Finding identical cells in module `\gf24_mult'.
Finding identical cells in module `\gf24_square_mult'.
Finding identical cells in module `\invmap_8bit'.
Finding identical cells in module `\keyexpansion'.
Finding identical cells in module `\map_8bit'.
Finding identical cells in module `\native_mixcolumns'.
Finding identical cells in module `\par2ser'.
Finding identical cells in module `\sbox_8bit'.
Removed a total of 0 cells.

9.6.13. Executing OPT_RMDFF pass (remove dff with constant values).

9.6.14. Executing OPT_CLEAN pass (remove unused cells and wires).
Finding unused cells or wires in module \aes..
Finding unused cells or wires in module \affine..
Finding unused cells or wires in module \bytepermutation..
Finding unused cells or wires in module \gf24_inv..
Finding unused cells or wires in module \gf24_mult..
Finding unused cells or wires in module \gf24_square_mult..
Finding unused cells or wires in module \invmap_8bit..
Finding unused cells or wires in module \keyexpansion..
Finding unused cells or wires in module \map_8bit..
Finding unused cells or wires in module \native_mixcolumns..
Finding unused cells or wires in module \par2ser..
Finding unused cells or wires in module \sbox_8bit..

9.6.15. Executing OPT_EXPR pass (perform const folding).
Optimizing module aes.
Optimizing module affine.
Optimizing module bytepermutation.
Optimizing module gf24_inv.
Optimizing module gf24_mult.
Optimizing module gf24_square_mult.
Optimizing module invmap_8bit.
Optimizing module keyexpansion.
Optimizing module map_8bit.
Optimizing module native_mixcolumns.
Optimizing module par2ser.
Optimizing module sbox_8bit.

9.6.16. Rerunning OPT passes. (Maybe there is more to do..)

9.6.17. Executing OPT_MUXTREE pass (detect dead branches in mux trees).
Running muxtree optimizer on module \aes..
  Creating internal representation of mux trees.
  Evaluating internal representation of mux trees.
  Analyzing evaluation results.
Running muxtree optimizer on module \affine..
  Creating internal representation of mux trees.
  No muxes found in this module.
Running muxtree optimizer on module \bytepermutation..
  Creating internal representation of mux trees.
  Evaluating internal representation of mux trees.
  Analyzing evaluation results.
Running muxtree optimizer on module \gf24_inv..
  Creating internal representation of mux trees.
  Evaluating internal representation of mux trees.
  Analyzing evaluation results.
Running muxtree optimizer on module \gf24_mult..
  Creating internal representation of mux trees.
  No muxes found in this module.
Running muxtree optimizer on module \gf24_square_mult..
  Creating internal representation of mux trees.
  No muxes found in this module.
Running muxtree optimizer on module \invmap_8bit..
  Creating internal representation of mux trees.
  No muxes found in this module.
Running muxtree optimizer on module \keyexpansion..
  Creating internal representation of mux trees.
  Evaluating internal representation of mux trees.
  Analyzing evaluation results.
Running muxtree optimizer on module \map_8bit..
  Creating internal representation of mux trees.
  No muxes found in this module.
Running muxtree optimizer on module \native_mixcolumns..
  Creating internal representation of mux trees.
  Evaluating internal representation of mux trees.
  Analyzing evaluation results.
Running muxtree optimizer on module \par2ser..
  Creating internal representation of mux trees.
  Evaluating internal representation of mux trees.
  Analyzing evaluation results.
Running muxtree optimizer on module \sbox_8bit..
  Creating internal representation of mux trees.
  No muxes found in this module.
Removed 0 multiplexer ports.
<suppressed ~63 debug messages>

9.6.18. Executing OPT_REDUCE pass (consolidate $*mux and $reduce_* inputs).
  Optimizing cells in module \aes.
  Optimizing cells in module \affine.
  Optimizing cells in module \bytepermutation.
  Optimizing cells in module \gf24_inv.
  Optimizing cells in module \gf24_mult.
  Optimizing cells in module \gf24_square_mult.
  Optimizing cells in module \invmap_8bit.
  Optimizing cells in module \keyexpansion.
  Optimizing cells in module \map_8bit.
  Optimizing cells in module \native_mixcolumns.
  Optimizing cells in module \par2ser.
  Optimizing cells in module \sbox_8bit.
Performed a total of 0 changes.

9.6.19. Executing OPT_MERGE pass (detect identical cells).
Finding identical cells in module `\aes'.
<suppressed ~3 debug messages>
Finding identical cells in module `\affine'.
Finding identical cells in module `\bytepermutation'.
Finding identical cells in module `\gf24_inv'.
Finding identical cells in module `\gf24_mult'.
Finding identical cells in module `\gf24_square_mult'.
Finding identical cells in module `\invmap_8bit'.
Finding identical cells in module `\keyexpansion'.
Finding identical cells in module `\map_8bit'.
Finding identical cells in module `\native_mixcolumns'.
Finding identical cells in module `\par2ser'.
Finding identical cells in module `\sbox_8bit'.
Removed a total of 1 cells.

9.6.20. Executing OPT_RMDFF pass (remove dff with constant values).

9.6.21. Executing OPT_CLEAN pass (remove unused cells and wires).
Finding unused cells or wires in module \aes..
Finding unused cells or wires in module \affine..
Finding unused cells or wires in module \bytepermutation..
Finding unused cells or wires in module \gf24_inv..
Finding unused cells or wires in module \gf24_mult..
Finding unused cells or wires in module \gf24_square_mult..
Finding unused cells or wires in module \invmap_8bit..
Finding unused cells or wires in module \keyexpansion..
Finding unused cells or wires in module \map_8bit..
Finding unused cells or wires in module \native_mixcolumns..
Finding unused cells or wires in module \par2ser..
Finding unused cells or wires in module \sbox_8bit..
Removed 0 unused cells and 1 unused wires.
<suppressed ~1 debug messages>

9.6.22. Executing OPT_EXPR pass (perform const folding).
Optimizing module aes.
Optimizing module affine.
Optimizing module bytepermutation.
Optimizing module gf24_inv.
Optimizing module gf24_mult.
Optimizing module gf24_square_mult.
Optimizing module invmap_8bit.
Optimizing module keyexpansion.
Optimizing module map_8bit.
Optimizing module native_mixcolumns.
Optimizing module par2ser.
Optimizing module sbox_8bit.

9.6.23. Rerunning OPT passes. (Maybe there is more to do..)

9.6.24. Executing OPT_MUXTREE pass (detect dead branches in mux trees).
Running muxtree optimizer on module \aes..
  Creating internal representation of mux trees.
  Evaluating internal representation of mux trees.
  Analyzing evaluation results.
Running muxtree optimizer on module \affine..
  Creating internal representation of mux trees.
  No muxes found in this module.
Running muxtree optimizer on module \bytepermutation..
  Creating internal representation of mux trees.
  Evaluating internal representation of mux trees.
  Analyzing evaluation results.
Running muxtree optimizer on module \gf24_inv..
  Creating internal representation of mux trees.
  Evaluating internal representation of mux trees.
  Analyzing evaluation results.
Running muxtree optimizer on module \gf24_mult..
  Creating internal representation of mux trees.
  No muxes found in this module.
Running muxtree optimizer on module \gf24_square_mult..
  Creating internal representation of mux trees.
  No muxes found in this module.
Running muxtree optimizer on module \invmap_8bit..
  Creating internal representation of mux trees.
  No muxes found in this module.
Running muxtree optimizer on module \keyexpansion..
  Creating internal representation of mux trees.
  Evaluating internal representation of mux trees.
  Analyzing evaluation results.
Running muxtree optimizer on module \map_8bit..
  Creating internal representation of mux trees.
  No muxes found in this module.
Running muxtree optimizer on module \native_mixcolumns..
  Creating internal representation of mux trees.
  Evaluating internal representation of mux trees.
  Analyzing evaluation results.
Running muxtree optimizer on module \par2ser..
  Creating internal representation of mux trees.
  Evaluating internal representation of mux trees.
  Analyzing evaluation results.
Running muxtree optimizer on module \sbox_8bit..
  Creating internal representation of mux trees.
  No muxes found in this module.
Removed 0 multiplexer ports.
<suppressed ~63 debug messages>

9.6.25. Executing OPT_REDUCE pass (consolidate $*mux and $reduce_* inputs).
  Optimizing cells in module \aes.
  Optimizing cells in module \affine.
  Optimizing cells in module \bytepermutation.
  Optimizing cells in module \gf24_inv.
  Optimizing cells in module \gf24_mult.
  Optimizing cells in module \gf24_square_mult.
  Optimizing cells in module \invmap_8bit.
  Optimizing cells in module \keyexpansion.
  Optimizing cells in module \map_8bit.
  Optimizing cells in module \native_mixcolumns.
  Optimizing cells in module \par2ser.
  Optimizing cells in module \sbox_8bit.
Performed a total of 0 changes.

9.6.26. Executing OPT_MERGE pass (detect identical cells).
Finding identical cells in module `\aes'.
Finding identical cells in module `\affine'.
Finding identical cells in module `\bytepermutation'.
Finding identical cells in module `\gf24_inv'.
Finding identical cells in module `\gf24_mult'.
Finding identical cells in module `\gf24_square_mult'.
Finding identical cells in module `\invmap_8bit'.
Finding identical cells in module `\keyexpansion'.
Finding identical cells in module `\map_8bit'.
Finding identical cells in module `\native_mixcolumns'.
Finding identical cells in module `\par2ser'.
Finding identical cells in module `\sbox_8bit'.
Removed a total of 0 cells.

9.6.27. Executing OPT_RMDFF pass (remove dff with constant values).

9.6.28. Executing OPT_CLEAN pass (remove unused cells and wires).
Finding unused cells or wires in module \aes..
Finding unused cells or wires in module \affine..
Finding unused cells or wires in module \bytepermutation..
Finding unused cells or wires in module \gf24_inv..
Finding unused cells or wires in module \gf24_mult..
Finding unused cells or wires in module \gf24_square_mult..
Finding unused cells or wires in module \invmap_8bit..
Finding unused cells or wires in module \keyexpansion..
Finding unused cells or wires in module \map_8bit..
Finding unused cells or wires in module \native_mixcolumns..
Finding unused cells or wires in module \par2ser..
Finding unused cells or wires in module \sbox_8bit..

9.6.29. Executing OPT_EXPR pass (perform const folding).
Optimizing module aes.
Optimizing module affine.
Optimizing module bytepermutation.
Optimizing module gf24_inv.
Optimizing module gf24_mult.
Optimizing module gf24_square_mult.
Optimizing module invmap_8bit.
Optimizing module keyexpansion.
Optimizing module map_8bit.
Optimizing module native_mixcolumns.
Optimizing module par2ser.
Optimizing module sbox_8bit.

9.6.30. Finished OPT passes. (There is nothing left to do.)

9.7. Executing WREDUCE pass (reducing word size of cells).
Removed top 31 bits (of 32) from port B of cell aes.$add$src/aes.v:62$10 ($add).
Removed top 28 bits (of 32) from port Y of cell aes.$add$src/aes.v:62$10 ($add).
Removed top 31 bits (of 32) from port B of cell aes.$add$src/aes.v:72$13 ($add).
Removed top 28 bits (of 32) from port Y of cell aes.$add$src/aes.v:72$13 ($add).
Removed top 1 bits (of 2) from mux cell aes.$ternary$src/aes.v:134$16 ($mux).
Removed top 1 bits (of 2) from port B of cell aes.$procmux$469_CMP0 ($eq).
Removed top 1 bits (of 2) from port B of cell aes.$procmux$476_CMP0 ($eq).
Removed top 28 bits (of 32) from wire aes.$add$src/aes.v:62$10_Y.
Removed top 28 bits (of 32) from wire aes.$add$src/aes.v:72$13_Y.
Removed top 1 bits (of 2) from port B of cell bytepermutation.$eq$src/bytepermutation.v:58$28 ($eq).
Removed top 1 bits (of 2) from port B of cell bytepermutation.$procmux$392_CMP0 ($eq).
Removed top 1 bits (of 2) from port B of cell bytepermutation.$procmux$420_CMP0 ($eq).
Removed top 1 bits (of 4) from port B of cell bytepermutation.$procmux$443_CMP0 ($eq).
Removed top 1 bits (of 4) from port B of cell bytepermutation.$procmux$444_CMP0 ($eq).
Removed top 1 bits (of 4) from port B of cell bytepermutation.$procmux$445_CMP0 ($eq).
Removed top 1 bits (of 4) from port B of cell bytepermutation.$procmux$446_CMP0 ($eq).
Removed top 2 bits (of 4) from port B of cell bytepermutation.$procmux$447_CMP0 ($eq).
Removed top 2 bits (of 4) from port B of cell bytepermutation.$procmux$448_CMP0 ($eq).
Removed top 3 bits (of 4) from port B of cell bytepermutation.$procmux$449_CMP0 ($eq).
Removed top 1 bits (of 4) from port B of cell gf24_inv.$procmux$238_CMP0 ($eq).
Removed top 1 bits (of 4) from port B of cell gf24_inv.$procmux$239_CMP0 ($eq).
Removed top 1 bits (of 4) from port B of cell gf24_inv.$procmux$240_CMP0 ($eq).
Removed top 1 bits (of 4) from port B of cell gf24_inv.$procmux$241_CMP0 ($eq).
Removed top 2 bits (of 4) from port B of cell gf24_inv.$procmux$242_CMP0 ($eq).
Removed top 2 bits (of 4) from port B of cell gf24_inv.$procmux$243_CMP0 ($eq).
Removed top 3 bits (of 4) from port B of cell gf24_inv.$procmux$244_CMP0 ($eq).
Removed top 1 bits (of 4) from port B of cell keyexpansion.$procmux$279_CMP0 ($eq).
Removed top 1 bits (of 4) from port B of cell keyexpansion.$procmux$280_CMP0 ($eq).
Removed top 1 bits (of 4) from port B of cell keyexpansion.$procmux$281_CMP0 ($eq).
Removed top 1 bits (of 4) from port B of cell keyexpansion.$procmux$282_CMP0 ($eq).
Removed top 2 bits (of 4) from port B of cell keyexpansion.$procmux$283_CMP0 ($eq).
Removed top 2 bits (of 4) from port B of cell keyexpansion.$procmux$284_CMP0 ($eq).
Removed top 3 bits (of 4) from port B of cell keyexpansion.$procmux$285_CMP0 ($eq).
Removed top 1 bits (of 2) from port B of cell keyexpansion.$procmux$293_CMP0 ($eq).
Removed top 1 bits (of 4) from port B of cell keyexpansion.$procmux$352_CMP0 ($eq).
Removed top 1 bits (of 4) from port B of cell keyexpansion.$procmux$352_CMP1 ($eq).
Removed top 1 bits (of 4) from port B of cell keyexpansion.$procmux$352_CMP2 ($eq).
Removed top 1 bits (of 4) from port B of cell keyexpansion.$procmux$352_CMP3 ($eq).
Removed top 2 bits (of 4) from port B of cell keyexpansion.$procmux$353_CMP0 ($eq).
Removed top 2 bits (of 4) from port B of cell keyexpansion.$procmux$354_CMP0 ($eq).
Removed top 3 bits (of 4) from port B of cell keyexpansion.$procmux$355_CMP0 ($eq).

9.8. Executing PEEPOPT pass (run peephole optimizers).

9.9. Executing OPT_CLEAN pass (remove unused cells and wires).
Finding unused cells or wires in module \aes..
Finding unused cells or wires in module \affine..
Finding unused cells or wires in module \bytepermutation..
Finding unused cells or wires in module \gf24_inv..
Finding unused cells or wires in module \gf24_mult..
Finding unused cells or wires in module \gf24_square_mult..
Finding unused cells or wires in module \invmap_8bit..
Finding unused cells or wires in module \keyexpansion..
Finding unused cells or wires in module \map_8bit..
Finding unused cells or wires in module \native_mixcolumns..
Finding unused cells or wires in module \par2ser..
Finding unused cells or wires in module \sbox_8bit..
Removed 0 unused cells and 2 unused wires.
<suppressed ~1 debug messages>

9.10. Executing TECHMAP pass (map to technology primitives).

9.10.1. Executing Verilog-2005 frontend: /usr/bin/../share/yosys/cmp2lut.v
Parsing Verilog input from `/usr/bin/../share/yosys/cmp2lut.v' to AST representation.
Generating RTLIL representation for module `\_90_lut_cmp_'.
Successfully finished Verilog frontend.

9.10.2. Continuing TECHMAP pass.
No more expansions possible.
<suppressed ~312 debug messages>

9.11. Executing ALUMACC pass (create $alu and $macc cells).
Extracting $alu and $macc cells in module aes:
  creating $macc model for $add$src/aes.v:62$10 ($add).
  creating $macc model for $add$src/aes.v:72$13 ($add).
  creating $alu model for $macc $add$src/aes.v:72$13.
  creating $alu model for $macc $add$src/aes.v:62$10.
  creating $alu cell for $add$src/aes.v:62$10: $auto$alumacc.cc:474:replace_alu$713
  creating $alu cell for $add$src/aes.v:72$13: $auto$alumacc.cc:474:replace_alu$716
  created 2 $alu and 0 $macc cells.
Extracting $alu and $macc cells in module affine:
  created 0 $alu and 0 $macc cells.
Extracting $alu and $macc cells in module bytepermutation:
  created 0 $alu and 0 $macc cells.
Extracting $alu and $macc cells in module gf24_inv:
  created 0 $alu and 0 $macc cells.
Extracting $alu and $macc cells in module gf24_mult:
  created 0 $alu and 0 $macc cells.
Extracting $alu and $macc cells in module gf24_square_mult:
  created 0 $alu and 0 $macc cells.
Extracting $alu and $macc cells in module invmap_8bit:
  created 0 $alu and 0 $macc cells.
Extracting $alu and $macc cells in module keyexpansion:
  created 0 $alu and 0 $macc cells.
Extracting $alu and $macc cells in module map_8bit:
  created 0 $alu and 0 $macc cells.
Extracting $alu and $macc cells in module native_mixcolumns:
  created 0 $alu and 0 $macc cells.
Extracting $alu and $macc cells in module par2ser:
  created 0 $alu and 0 $macc cells.
Extracting $alu and $macc cells in module sbox_8bit:
  created 0 $alu and 0 $macc cells.

9.12. Executing SHARE pass (SAT-based resource sharing).

9.13. Executing OPT pass (performing simple optimizations).

9.13.1. Executing OPT_EXPR pass (perform const folding).
Optimizing module aes.
Optimizing module affine.
Optimizing module bytepermutation.
Optimizing module gf24_inv.
Optimizing module gf24_mult.
Optimizing module gf24_square_mult.
Optimizing module invmap_8bit.
Optimizing module keyexpansion.
Optimizing module map_8bit.
Optimizing module native_mixcolumns.
Optimizing module par2ser.
Optimizing module sbox_8bit.

9.13.2. Executing OPT_MERGE pass (detect identical cells).
Finding identical cells in module `\aes'.
Finding identical cells in module `\affine'.
Finding identical cells in module `\bytepermutation'.
Finding identical cells in module `\gf24_inv'.
Finding identical cells in module `\gf24_mult'.
Finding identical cells in module `\gf24_square_mult'.
Finding identical cells in module `\invmap_8bit'.
Finding identical cells in module `\keyexpansion'.
Finding identical cells in module `\map_8bit'.
Finding identical cells in module `\native_mixcolumns'.
Finding identical cells in module `\par2ser'.
Finding identical cells in module `\sbox_8bit'.
Removed a total of 0 cells.

9.13.3. Executing OPT_MUXTREE pass (detect dead branches in mux trees).
Running muxtree optimizer on module \aes..
  Creating internal representation of mux trees.
  Evaluating internal representation of mux trees.
  Analyzing evaluation results.
Running muxtree optimizer on module \affine..
  Creating internal representation of mux trees.
  No muxes found in this module.
Running muxtree optimizer on module \bytepermutation..
  Creating internal representation of mux trees.
  Evaluating internal representation of mux trees.
  Analyzing evaluation results.
Running muxtree optimizer on module \gf24_inv..
  Creating internal representation of mux trees.
  Evaluating internal representation of mux trees.
  Analyzing evaluation results.
Running muxtree optimizer on module \gf24_mult..
  Creating internal representation of mux trees.
  No muxes found in this module.
Running muxtree optimizer on module \gf24_square_mult..
  Creating internal representation of mux trees.
  No muxes found in this module.
Running muxtree optimizer on module \invmap_8bit..
  Creating internal representation of mux trees.
  No muxes found in this module.
Running muxtree optimizer on module \keyexpansion..
  Creating internal representation of mux trees.
  Evaluating internal representation of mux trees.
  Analyzing evaluation results.
Running muxtree optimizer on module \map_8bit..
  Creating internal representation of mux trees.
  No muxes found in this module.
Running muxtree optimizer on module \native_mixcolumns..
  Creating internal representation of mux trees.
  Evaluating internal representation of mux trees.
  Analyzing evaluation results.
Running muxtree optimizer on module \par2ser..
  Creating internal representation of mux trees.
  Evaluating internal representation of mux trees.
  Analyzing evaluation results.
Running muxtree optimizer on module \sbox_8bit..
  Creating internal representation of mux trees.
  No muxes found in this module.
Removed 0 multiplexer ports.
<suppressed ~63 debug messages>

9.13.4. Executing OPT_REDUCE pass (consolidate $*mux and $reduce_* inputs).
  Optimizing cells in module \aes.
  Optimizing cells in module \affine.
  Optimizing cells in module \bytepermutation.
  Optimizing cells in module \gf24_inv.
  Optimizing cells in module \gf24_mult.
  Optimizing cells in module \gf24_square_mult.
  Optimizing cells in module \invmap_8bit.
  Optimizing cells in module \keyexpansion.
  Optimizing cells in module \map_8bit.
  Optimizing cells in module \native_mixcolumns.
  Optimizing cells in module \par2ser.
  Optimizing cells in module \sbox_8bit.
Performed a total of 0 changes.

9.13.5. Executing OPT_MERGE pass (detect identical cells).
Finding identical cells in module `\aes'.
Finding identical cells in module `\affine'.
Finding identical cells in module `\bytepermutation'.
Finding identical cells in module `\gf24_inv'.
Finding identical cells in module `\gf24_mult'.
Finding identical cells in module `\gf24_square_mult'.
Finding identical cells in module `\invmap_8bit'.
Finding identical cells in module `\keyexpansion'.
Finding identical cells in module `\map_8bit'.
Finding identical cells in module `\native_mixcolumns'.
Finding identical cells in module `\par2ser'.
Finding identical cells in module `\sbox_8bit'.
Removed a total of 0 cells.

9.13.6. Executing OPT_RMDFF pass (remove dff with constant values).

9.13.7. Executing OPT_CLEAN pass (remove unused cells and wires).
Finding unused cells or wires in module \aes..
Finding unused cells or wires in module \affine..
Finding unused cells or wires in module \bytepermutation..
Finding unused cells or wires in module \gf24_inv..
Finding unused cells or wires in module \gf24_mult..
Finding unused cells or wires in module \gf24_square_mult..
Finding unused cells or wires in module \invmap_8bit..
Finding unused cells or wires in module \keyexpansion..
Finding unused cells or wires in module \map_8bit..
Finding unused cells or wires in module \native_mixcolumns..
Finding unused cells or wires in module \par2ser..
Finding unused cells or wires in module \sbox_8bit..

9.13.8. Executing OPT_EXPR pass (perform const folding).
Optimizing module aes.
Optimizing module affine.
Optimizing module bytepermutation.
Optimizing module gf24_inv.
Optimizing module gf24_mult.
Optimizing module gf24_square_mult.
Optimizing module invmap_8bit.
Optimizing module keyexpansion.
Optimizing module map_8bit.
Optimizing module native_mixcolumns.
Optimizing module par2ser.
Optimizing module sbox_8bit.

9.13.9. Finished OPT passes. (There is nothing left to do.)

9.14. Executing FSM pass (extract and optimize FSM).

9.14.1. Executing FSM_DETECT pass (finding FSMs in design).

9.14.2. Executing FSM_EXTRACT pass (extracting FSM from design).

9.14.3. Executing FSM_OPT pass (simple optimizations of FSMs).

9.14.4. Executing OPT_CLEAN pass (remove unused cells and wires).
Finding unused cells or wires in module \aes..
Finding unused cells or wires in module \affine..
Finding unused cells or wires in module \bytepermutation..
Finding unused cells or wires in module \gf24_inv..
Finding unused cells or wires in module \gf24_mult..
Finding unused cells or wires in module \gf24_square_mult..
Finding unused cells or wires in module \invmap_8bit..
Finding unused cells or wires in module \keyexpansion..
Finding unused cells or wires in module \map_8bit..
Finding unused cells or wires in module \native_mixcolumns..
Finding unused cells or wires in module \par2ser..
Finding unused cells or wires in module \sbox_8bit..

9.14.5. Executing FSM_OPT pass (simple optimizations of FSMs).

9.14.6. Executing FSM_RECODE pass (re-assigning FSM state encoding).

9.14.7. Executing FSM_INFO pass (dumping all available information on FSM cells).

9.14.8. Executing FSM_MAP pass (mapping FSMs to basic logic).

9.15. Executing OPT pass (performing simple optimizations).

9.15.1. Executing OPT_EXPR pass (perform const folding).
Optimizing module aes.
Optimizing module affine.
Optimizing module bytepermutation.
Optimizing module gf24_inv.
Optimizing module gf24_mult.
Optimizing module gf24_square_mult.
Optimizing module invmap_8bit.
Optimizing module keyexpansion.
Optimizing module map_8bit.
Optimizing module native_mixcolumns.
Optimizing module par2ser.
Optimizing module sbox_8bit.

9.15.2. Executing OPT_MERGE pass (detect identical cells).
Finding identical cells in module `\aes'.
Finding identical cells in module `\affine'.
Finding identical cells in module `\bytepermutation'.
Finding identical cells in module `\gf24_inv'.
Finding identical cells in module `\gf24_mult'.
Finding identical cells in module `\gf24_square_mult'.
Finding identical cells in module `\invmap_8bit'.
Finding identical cells in module `\keyexpansion'.
Finding identical cells in module `\map_8bit'.
Finding identical cells in module `\native_mixcolumns'.
Finding identical cells in module `\par2ser'.
Finding identical cells in module `\sbox_8bit'.
Removed a total of 0 cells.

9.15.3. Executing OPT_RMDFF pass (remove dff with constant values).

9.15.4. Executing OPT_CLEAN pass (remove unused cells and wires).
Finding unused cells or wires in module \aes..
Finding unused cells or wires in module \affine..
Finding unused cells or wires in module \bytepermutation..
Finding unused cells or wires in module \gf24_inv..
Finding unused cells or wires in module \gf24_mult..
Finding unused cells or wires in module \gf24_square_mult..
Finding unused cells or wires in module \invmap_8bit..
Finding unused cells or wires in module \keyexpansion..
Finding unused cells or wires in module \map_8bit..
Finding unused cells or wires in module \native_mixcolumns..
Finding unused cells or wires in module \par2ser..
Finding unused cells or wires in module \sbox_8bit..

9.15.5. Finished fast OPT passes.

9.16. Executing MEMORY pass.

9.16.1. Executing MEMORY_DFF pass (merging $dff cells to $memrd and $memwr).

9.16.2. Executing OPT_CLEAN pass (remove unused cells and wires).
Finding unused cells or wires in module \aes..
Finding unused cells or wires in module \affine..
Finding unused cells or wires in module \bytepermutation..
Finding unused cells or wires in module \gf24_inv..
Finding unused cells or wires in module \gf24_mult..
Finding unused cells or wires in module \gf24_square_mult..
Finding unused cells or wires in module \invmap_8bit..
Finding unused cells or wires in module \keyexpansion..
Finding unused cells or wires in module \map_8bit..
Finding unused cells or wires in module \native_mixcolumns..
Finding unused cells or wires in module \par2ser..
Finding unused cells or wires in module \sbox_8bit..

9.16.3. Executing MEMORY_SHARE pass (consolidating $memrd/$memwr cells).

9.16.4. Executing OPT_CLEAN pass (remove unused cells and wires).
Finding unused cells or wires in module \aes..
Finding unused cells or wires in module \affine..
Finding unused cells or wires in module \bytepermutation..
Finding unused cells or wires in module \gf24_inv..
Finding unused cells or wires in module \gf24_mult..
Finding unused cells or wires in module \gf24_square_mult..
Finding unused cells or wires in module \invmap_8bit..
Finding unused cells or wires in module \keyexpansion..
Finding unused cells or wires in module \map_8bit..
Finding unused cells or wires in module \native_mixcolumns..
Finding unused cells or wires in module \par2ser..
Finding unused cells or wires in module \sbox_8bit..

9.16.5. Executing MEMORY_COLLECT pass (generating $mem cells).

9.17. Executing OPT_CLEAN pass (remove unused cells and wires).
Finding unused cells or wires in module \aes..
Finding unused cells or wires in module \affine..
Finding unused cells or wires in module \bytepermutation..
Finding unused cells or wires in module \gf24_inv..
Finding unused cells or wires in module \gf24_mult..
Finding unused cells or wires in module \gf24_square_mult..
Finding unused cells or wires in module \invmap_8bit..
Finding unused cells or wires in module \keyexpansion..
Finding unused cells or wires in module \map_8bit..
Finding unused cells or wires in module \native_mixcolumns..
Finding unused cells or wires in module \par2ser..
Finding unused cells or wires in module \sbox_8bit..

9.18. Executing OPT pass (performing simple optimizations).

9.18.1. Executing OPT_EXPR pass (perform const folding).
Optimizing module aes.
<suppressed ~10 debug messages>
Optimizing module affine.
Optimizing module bytepermutation.
<suppressed ~4 debug messages>
Optimizing module gf24_inv.
Optimizing module gf24_mult.
Optimizing module gf24_square_mult.
Optimizing module invmap_8bit.
Optimizing module keyexpansion.
<suppressed ~8 debug messages>
Optimizing module map_8bit.
Optimizing module native_mixcolumns.
Optimizing module par2ser.
Optimizing module sbox_8bit.

9.18.2. Executing OPT_MERGE pass (detect identical cells).
Finding identical cells in module `\aes'.
Finding identical cells in module `\affine'.
Finding identical cells in module `\bytepermutation'.
Finding identical cells in module `\gf24_inv'.
Finding identical cells in module `\gf24_mult'.
Finding identical cells in module `\gf24_square_mult'.
Finding identical cells in module `\invmap_8bit'.
Finding identical cells in module `\keyexpansion'.
Finding identical cells in module `\map_8bit'.
Finding identical cells in module `\native_mixcolumns'.
Finding identical cells in module `\par2ser'.
Finding identical cells in module `\sbox_8bit'.
Removed a total of 0 cells.

9.18.3. Executing OPT_RMDFF pass (remove dff with constant values).

9.18.4. Executing OPT_CLEAN pass (remove unused cells and wires).
Finding unused cells or wires in module \aes..
Finding unused cells or wires in module \affine..
Finding unused cells or wires in module \bytepermutation..
Finding unused cells or wires in module \gf24_inv..
Finding unused cells or wires in module \gf24_mult..
Finding unused cells or wires in module \gf24_square_mult..
Finding unused cells or wires in module \invmap_8bit..
Finding unused cells or wires in module \keyexpansion..
Finding unused cells or wires in module \map_8bit..
Finding unused cells or wires in module \native_mixcolumns..
Finding unused cells or wires in module \par2ser..
Finding unused cells or wires in module \sbox_8bit..
Removed 8 unused cells and 18 unused wires.
<suppressed ~12 debug messages>

9.18.5. Finished fast OPT passes.

9.19. Executing MEMORY_MAP pass (converting $mem cells to logic and flip-flops).

9.20. Executing OPT pass (performing simple optimizations).

9.20.1. Executing OPT_EXPR pass (perform const folding).
Optimizing module aes.
Optimizing module affine.
Optimizing module bytepermutation.
Optimizing module gf24_inv.
Optimizing module gf24_mult.
Optimizing module gf24_square_mult.
Optimizing module invmap_8bit.
Optimizing module keyexpansion.
Optimizing module map_8bit.
Optimizing module native_mixcolumns.
Optimizing module par2ser.
Optimizing module sbox_8bit.

9.20.2. Executing OPT_MERGE pass (detect identical cells).
Finding identical cells in module `\aes'.
Finding identical cells in module `\affine'.
Finding identical cells in module `\bytepermutation'.
Finding identical cells in module `\gf24_inv'.
Finding identical cells in module `\gf24_mult'.
Finding identical cells in module `\gf24_square_mult'.
Finding identical cells in module `\invmap_8bit'.
Finding identical cells in module `\keyexpansion'.
Finding identical cells in module `\map_8bit'.
Finding identical cells in module `\native_mixcolumns'.
Finding identical cells in module `\par2ser'.
Finding identical cells in module `\sbox_8bit'.
Removed a total of 0 cells.

9.20.3. Executing OPT_MUXTREE pass (detect dead branches in mux trees).
Running muxtree optimizer on module \aes..
  Creating internal representation of mux trees.
  Evaluating internal representation of mux trees.
  Analyzing evaluation results.
Running muxtree optimizer on module \affine..
  Creating internal representation of mux trees.
  No muxes found in this module.
Running muxtree optimizer on module \bytepermutation..
  Creating internal representation of mux trees.
  Evaluating internal representation of mux trees.
  Analyzing evaluation results.
Running muxtree optimizer on module \gf24_inv..
  Creating internal representation of mux trees.
  Evaluating internal representation of mux trees.
  Analyzing evaluation results.
Running muxtree optimizer on module \gf24_mult..
  Creating internal representation of mux trees.
  No muxes found in this module.
Running muxtree optimizer on module \gf24_square_mult..
  Creating internal representation of mux trees.
  No muxes found in this module.
Running muxtree optimizer on module \invmap_8bit..
  Creating internal representation of mux trees.
  No muxes found in this module.
Running muxtree optimizer on module \keyexpansion..
  Creating internal representation of mux trees.
  Evaluating internal representation of mux trees.
  Analyzing evaluation results.
Running muxtree optimizer on module \map_8bit..
  Creating internal representation of mux trees.
  No muxes found in this module.
Running muxtree optimizer on module \native_mixcolumns..
  Creating internal representation of mux trees.
  Evaluating internal representation of mux trees.
  Analyzing evaluation results.
Running muxtree optimizer on module \par2ser..
  Creating internal representation of mux trees.
  Evaluating internal representation of mux trees.
  Analyzing evaluation results.
Running muxtree optimizer on module \sbox_8bit..
  Creating internal representation of mux trees.
  No muxes found in this module.
Removed 0 multiplexer ports.
<suppressed ~51 debug messages>

9.20.4. Executing OPT_REDUCE pass (consolidate $*mux and $reduce_* inputs).
  Optimizing cells in module \aes.
    Consolidated identical input bits for $mux cell $ternary$src/aes.v:154$22:
      Old ports: A=2'10, B=2'00, Y=$ternary$src/aes.v:154$22_Y
      New ports: A=1'1, B=1'0, Y=$ternary$src/aes.v:154$22_Y [1]
      New connections: $ternary$src/aes.v:154$22_Y [0] = 1'0
  Optimizing cells in module \aes.
  Optimizing cells in module \affine.
  Optimizing cells in module \bytepermutation.
  Optimizing cells in module \gf24_inv.
  Optimizing cells in module \gf24_mult.
  Optimizing cells in module \gf24_square_mult.
  Optimizing cells in module \invmap_8bit.
  Optimizing cells in module \keyexpansion.
  Optimizing cells in module \map_8bit.
  Optimizing cells in module \native_mixcolumns.
  Optimizing cells in module \par2ser.
  Optimizing cells in module \sbox_8bit.
Performed a total of 1 changes.

9.20.5. Executing OPT_MERGE pass (detect identical cells).
Finding identical cells in module `\aes'.
Finding identical cells in module `\affine'.
Finding identical cells in module `\bytepermutation'.
Finding identical cells in module `\gf24_inv'.
Finding identical cells in module `\gf24_mult'.
Finding identical cells in module `\gf24_square_mult'.
Finding identical cells in module `\invmap_8bit'.
Finding identical cells in module `\keyexpansion'.
Finding identical cells in module `\map_8bit'.
Finding identical cells in module `\native_mixcolumns'.
Finding identical cells in module `\par2ser'.
Finding identical cells in module `\sbox_8bit'.
Removed a total of 0 cells.

9.20.6. Executing OPT_RMDFF pass (remove dff with constant values).

9.20.7. Executing OPT_CLEAN pass (remove unused cells and wires).
Finding unused cells or wires in module \aes..
Finding unused cells or wires in module \affine..
Finding unused cells or wires in module \bytepermutation..
Finding unused cells or wires in module \gf24_inv..
Finding unused cells or wires in module \gf24_mult..
Finding unused cells or wires in module \gf24_square_mult..
Finding unused cells or wires in module \invmap_8bit..
Finding unused cells or wires in module \keyexpansion..
Finding unused cells or wires in module \map_8bit..
Finding unused cells or wires in module \native_mixcolumns..
Finding unused cells or wires in module \par2ser..
Finding unused cells or wires in module \sbox_8bit..

9.20.8. Executing OPT_EXPR pass (perform const folding).
Optimizing module aes.
<suppressed ~1 debug messages>
Optimizing module affine.
Optimizing module bytepermutation.
Optimizing module gf24_inv.
Optimizing module gf24_mult.
Optimizing module gf24_square_mult.
Optimizing module invmap_8bit.
Optimizing module keyexpansion.
Optimizing module map_8bit.
Optimizing module native_mixcolumns.
Optimizing module par2ser.
Optimizing module sbox_8bit.

9.20.9. Rerunning OPT passes. (Maybe there is more to do..)

9.20.10. Executing OPT_MUXTREE pass (detect dead branches in mux trees).
Running muxtree optimizer on module \aes..
  Creating internal representation of mux trees.
  Evaluating internal representation of mux trees.
  Analyzing evaluation results.
Running muxtree optimizer on module \affine..
  Creating internal representation of mux trees.
  No muxes found in this module.
Running muxtree optimizer on module \bytepermutation..
  Creating internal representation of mux trees.
  Evaluating internal representation of mux trees.
  Analyzing evaluation results.
Running muxtree optimizer on module \gf24_inv..
  Creating internal representation of mux trees.
  Evaluating internal representation of mux trees.
  Analyzing evaluation results.
Running muxtree optimizer on module \gf24_mult..
  Creating internal representation of mux trees.
  No muxes found in this module.
Running muxtree optimizer on module \gf24_square_mult..
  Creating internal representation of mux trees.
  No muxes found in this module.
Running muxtree optimizer on module \invmap_8bit..
  Creating internal representation of mux trees.
  No muxes found in this module.
Running muxtree optimizer on module \keyexpansion..
  Creating internal representation of mux trees.
  Evaluating internal representation of mux trees.
  Analyzing evaluation results.
Running muxtree optimizer on module \map_8bit..
  Creating internal representation of mux trees.
  No muxes found in this module.
Running muxtree optimizer on module \native_mixcolumns..
  Creating internal representation of mux trees.
  Evaluating internal representation of mux trees.
  Analyzing evaluation results.
Running muxtree optimizer on module \par2ser..
  Creating internal representation of mux trees.
  Evaluating internal representation of mux trees.
  Analyzing evaluation results.
Running muxtree optimizer on module \sbox_8bit..
  Creating internal representation of mux trees.
  No muxes found in this module.
Removed 0 multiplexer ports.
<suppressed ~51 debug messages>

9.20.11. Executing OPT_REDUCE pass (consolidate $*mux and $reduce_* inputs).
  Optimizing cells in module \aes.
  Optimizing cells in module \affine.
  Optimizing cells in module \bytepermutation.
  Optimizing cells in module \gf24_inv.
  Optimizing cells in module \gf24_mult.
  Optimizing cells in module \gf24_square_mult.
  Optimizing cells in module \invmap_8bit.
  Optimizing cells in module \keyexpansion.
  Optimizing cells in module \map_8bit.
  Optimizing cells in module \native_mixcolumns.
  Optimizing cells in module \par2ser.
  Optimizing cells in module \sbox_8bit.
Performed a total of 0 changes.

9.20.12. Executing OPT_MERGE pass (detect identical cells).
Finding identical cells in module `\aes'.
Finding identical cells in module `\affine'.
Finding identical cells in module `\bytepermutation'.
Finding identical cells in module `\gf24_inv'.
Finding identical cells in module `\gf24_mult'.
Finding identical cells in module `\gf24_square_mult'.
Finding identical cells in module `\invmap_8bit'.
Finding identical cells in module `\keyexpansion'.
Finding identical cells in module `\map_8bit'.
Finding identical cells in module `\native_mixcolumns'.
Finding identical cells in module `\par2ser'.
Finding identical cells in module `\sbox_8bit'.
Removed a total of 0 cells.

9.20.13. Executing OPT_RMDFF pass (remove dff with constant values).

9.20.14. Executing OPT_CLEAN pass (remove unused cells and wires).
Finding unused cells or wires in module \aes..
Finding unused cells or wires in module \affine..
Finding unused cells or wires in module \bytepermutation..
Finding unused cells or wires in module \gf24_inv..
Finding unused cells or wires in module \gf24_mult..
Finding unused cells or wires in module \gf24_square_mult..
Finding unused cells or wires in module \invmap_8bit..
Finding unused cells or wires in module \keyexpansion..
Finding unused cells or wires in module \map_8bit..
Finding unused cells or wires in module \native_mixcolumns..
Finding unused cells or wires in module \par2ser..
Finding unused cells or wires in module \sbox_8bit..

9.20.15. Executing OPT_EXPR pass (perform const folding).
Optimizing module aes.
Optimizing module affine.
Optimizing module bytepermutation.
Optimizing module gf24_inv.
Optimizing module gf24_mult.
Optimizing module gf24_square_mult.
Optimizing module invmap_8bit.
Optimizing module keyexpansion.
Optimizing module map_8bit.
Optimizing module native_mixcolumns.
Optimizing module par2ser.
Optimizing module sbox_8bit.

9.20.16. Finished OPT passes. (There is nothing left to do.)

9.21. Executing TECHMAP pass (map to technology primitives).

9.21.1. Executing Verilog-2005 frontend: <techmap.v>
Parsing Verilog input from `<techmap.v>' to AST representation.
Generating RTLIL representation for module `\_90_simplemap_bool_ops'.
Generating RTLIL representation for module `\_90_simplemap_reduce_ops'.
Generating RTLIL representation for module `\_90_simplemap_logic_ops'.
Generating RTLIL representation for module `\_90_simplemap_compare_ops'.
Generating RTLIL representation for module `\_90_simplemap_various'.
Generating RTLIL representation for module `\_90_simplemap_registers'.
Generating RTLIL representation for module `\_90_shift_ops_shr_shl_sshl_sshr'.
Generating RTLIL representation for module `\_90_shift_shiftx'.
Generating RTLIL representation for module `\_90_fa'.
Generating RTLIL representation for module `\_90_lcu'.
Generating RTLIL representation for module `\_90_alu'.
Generating RTLIL representation for module `\_90_macc'.
Generating RTLIL representation for module `\_90_alumacc'.
Generating RTLIL representation for module `\$__div_mod_u'.
Generating RTLIL representation for module `\$__div_mod'.
Generating RTLIL representation for module `\_90_div'.
Generating RTLIL representation for module `\_90_mod'.
Generating RTLIL representation for module `\_90_pow'.
Generating RTLIL representation for module `\_90_pmux'.
Generating RTLIL representation for module `\_90_lut'.
Successfully finished Verilog frontend.

9.21.2. Continuing TECHMAP pass.
Using extmapper simplemap for cells of type $xor.
Using extmapper simplemap for cells of type $logic_or.
Using extmapper simplemap for cells of type $logic_and.
Using extmapper simplemap for cells of type $logic_not.
Using extmapper simplemap for cells of type $ne.
Using extmapper simplemap for cells of type $eq.
Using extmapper simplemap for cells of type $not.
Using template $paramod\_90_alu\A_SIGNED=0\B_SIGNED=0\A_WIDTH=1\B_WIDTH=4\Y_WIDTH=4 for cells of type $alu.
Using extmapper simplemap for cells of type $reduce_or.
Using template $paramod\_90_pmux\WIDTH=2\S_WIDTH=2 for cells of type $pmux.
Using extmapper simplemap for cells of type $and.
Using template $paramod\_90_pmux\WIDTH=1\S_WIDTH=2 for cells of type $pmux.
Using extmapper simplemap for cells of type $mux.
Using template $paramod\_90_pmux\WIDTH=4\S_WIDTH=3 for cells of type $pmux.
Using template $paramod\_90_pmux\WIDTH=4\S_WIDTH=2 for cells of type $pmux.
Using extmapper simplemap for cells of type $dlatch.
Using extmapper simplemap for cells of type $dff.
Using extmapper simplemap for cells of type $adff.
Using extmapper simplemap for cells of type $pos.
Using template $paramod\_90_lcu\WIDTH=4 for cells of type $lcu.
Using extmapper simplemap for cells of type $or.
Using template $paramod\_90_pmux\WIDTH=8\S_WIDTH=9 for cells of type $pmux.
Using template $paramod\_90_pmux\WIDTH=8\S_WIDTH=2 for cells of type $pmux.
Using extmapper simplemap for cells of type $reduce_bool.
Using template $paramod\_90_pmux\WIDTH=2\S_WIDTH=3 for cells of type $pmux.
Using template $paramod\_90_pmux\WIDTH=4\S_WIDTH=15 for cells of type $pmux.
No more expansions possible.
<suppressed ~737 debug messages>

9.22. Executing OPT pass (performing simple optimizations).

9.22.1. Executing OPT_EXPR pass (perform const folding).
Optimizing module aes.
<suppressed ~74 debug messages>
Optimizing module affine.
Optimizing module bytepermutation.
<suppressed ~98 debug messages>
Optimizing module gf24_inv.
<suppressed ~117 debug messages>
Optimizing module gf24_mult.
Optimizing module gf24_square_mult.
Optimizing module invmap_8bit.
Optimizing module keyexpansion.
<suppressed ~169 debug messages>
Optimizing module map_8bit.
Optimizing module native_mixcolumns.
Optimizing module par2ser.
Optimizing module sbox_8bit.

9.22.2. Executing OPT_MERGE pass (detect identical cells).
Finding identical cells in module `\aes'.
<suppressed ~48 debug messages>
Finding identical cells in module `\affine'.
Finding identical cells in module `\bytepermutation'.
<suppressed ~159 debug messages>
Finding identical cells in module `\gf24_inv'.
<suppressed ~159 debug messages>
Finding identical cells in module `\gf24_mult'.
Finding identical cells in module `\gf24_square_mult'.
Finding identical cells in module `\invmap_8bit'.
Finding identical cells in module `\keyexpansion'.
<suppressed ~270 debug messages>
Finding identical cells in module `\map_8bit'.
Finding identical cells in module `\native_mixcolumns'.
Finding identical cells in module `\par2ser'.
Finding identical cells in module `\sbox_8bit'.
Removed a total of 212 cells.

9.22.3. Executing OPT_RMDFF pass (remove dff with constant values).

9.22.4. Executing OPT_CLEAN pass (remove unused cells and wires).
Finding unused cells or wires in module \aes..
Finding unused cells or wires in module \affine..
Finding unused cells or wires in module \bytepermutation..
Finding unused cells or wires in module \gf24_inv..
Finding unused cells or wires in module \gf24_mult..
Finding unused cells or wires in module \gf24_square_mult..
Finding unused cells or wires in module \invmap_8bit..
Finding unused cells or wires in module \keyexpansion..
Finding unused cells or wires in module \map_8bit..
Finding unused cells or wires in module \native_mixcolumns..
Finding unused cells or wires in module \par2ser..
Finding unused cells or wires in module \sbox_8bit..
Removed 17 unused cells and 618 unused wires.
<suppressed ~21 debug messages>

9.22.5. Finished fast OPT passes.

9.23. Executing ABC pass (technology mapping using ABC).

9.23.1. Extracting gate netlist of module `\aes' to `<abc-temp-dir>/input.blif'..
Extracted 138 gates and 201 wires to a netlist network with 61 inputs and 41 outputs.

9.23.1.1. Executing ABC.
Running ABC command: berkeley-abc -s -f <abc-temp-dir>/abc.script 2>&1
ABC: ABC command line: "source <abc-temp-dir>/abc.script".
ABC: 
ABC: + read_blif <abc-temp-dir>/input.blif 
ABC: + read_library <abc-temp-dir>/stdcells.genlib 
ABC: Entered genlib library with 17 gates from file "<abc-temp-dir>/stdcells.genlib".
ABC: + strash 
ABC: + dretime 
ABC: + retime 
ABC: + map 
ABC: + write_blif <abc-temp-dir>/output.blif 

9.23.1.2. Re-integrating ABC results.
ABC RESULTS:               AND cells:        4
ABC RESULTS:            ANDNOT cells:       16
ABC RESULTS:              AOI3 cells:        1
ABC RESULTS:               MUX cells:       22
ABC RESULTS:              NAND cells:        4
ABC RESULTS:               NOR cells:        2
ABC RESULTS:               NOT cells:       11
ABC RESULTS:              OAI3 cells:        4
ABC RESULTS:              OAI4 cells:        3
ABC RESULTS:                OR cells:       11
ABC RESULTS:             ORNOT cells:        3
ABC RESULTS:              XNOR cells:        2
ABC RESULTS:               XOR cells:       22
ABC RESULTS:        internal signals:       99
ABC RESULTS:           input signals:       61
ABC RESULTS:          output signals:       41
Removing temp directory.

9.23.2. Extracting gate netlist of module `\affine' to `<abc-temp-dir>/input.blif'..
Extracted 28 gates and 37 wires to a netlist network with 8 inputs and 8 outputs.

9.23.2.1. Executing ABC.
Running ABC command: berkeley-abc -s -f <abc-temp-dir>/abc.script 2>&1
ABC: ABC command line: "source <abc-temp-dir>/abc.script".
ABC: 
ABC: + read_blif <abc-temp-dir>/input.blif 
ABC: + read_library <abc-temp-dir>/stdcells.genlib 
ABC: Entered genlib library with 17 gates from file "<abc-temp-dir>/stdcells.genlib".
ABC: + strash 
ABC: + dretime 
ABC: + retime 
ABC: + map 
ABC: + write_blif <abc-temp-dir>/output.blif 

9.23.2.2. Re-integrating ABC results.
ABC RESULTS:              XNOR cells:        9
ABC RESULTS:               XOR cells:       13
ABC RESULTS:        internal signals:       21
ABC RESULTS:           input signals:        8
ABC RESULTS:          output signals:        8
Removing temp directory.

9.23.3. Extracting gate netlist of module `\bytepermutation' to `<abc-temp-dir>/input.blif'..
Extracted 303 gates and 415 wires to a netlist network with 110 inputs and 104 outputs.

9.23.3.1. Executing ABC.
Running ABC command: berkeley-abc -s -f <abc-temp-dir>/abc.script 2>&1
ABC: ABC command line: "source <abc-temp-dir>/abc.script".
ABC: 
ABC: + read_blif <abc-temp-dir>/input.blif 
ABC: + read_library <abc-temp-dir>/stdcells.genlib 
ABC: Entered genlib library with 17 gates from file "<abc-temp-dir>/stdcells.genlib".
ABC: + strash 
ABC: + dretime 
ABC: + retime 
ABC: + map 
ABC: + write_blif <abc-temp-dir>/output.blif 

9.23.3.2. Re-integrating ABC results.
ABC RESULTS:               AND cells:        5
ABC RESULTS:            ANDNOT cells:        9
ABC RESULTS:               MUX cells:      144
ABC RESULTS:              NAND cells:        4
ABC RESULTS:               NOR cells:        5
ABC RESULTS:               NOT cells:       32
ABC RESULTS:              OAI3 cells:        5
ABC RESULTS:              OAI4 cells:       24
ABC RESULTS:                OR cells:        3
ABC RESULTS:             ORNOT cells:        3
ABC RESULTS:        internal signals:      201
ABC RESULTS:           input signals:      110
ABC RESULTS:          output signals:      104
Removing temp directory.

9.23.4. Extracting gate netlist of module `\gf24_inv' to `<abc-temp-dir>/input.blif'..
Extracted 80 gates and 86 wires to a netlist network with 4 inputs and 4 outputs.

9.23.4.1. Executing ABC.
Running ABC command: berkeley-abc -s -f <abc-temp-dir>/abc.script 2>&1
ABC: ABC command line: "source <abc-temp-dir>/abc.script".
ABC: 
ABC: + read_blif <abc-temp-dir>/input.blif 
ABC: + read_library <abc-temp-dir>/stdcells.genlib 
ABC: Entered genlib library with 17 gates from file "<abc-temp-dir>/stdcells.genlib".
ABC: + strash 
ABC: + dretime 
ABC: + retime 
ABC: + map 
ABC: + write_blif <abc-temp-dir>/output.blif 

9.23.4.2. Re-integrating ABC results.
ABC RESULTS:               AND cells:        3
ABC RESULTS:            ANDNOT cells:       16
ABC RESULTS:              AOI3 cells:        9
ABC RESULTS:              NAND cells:        3
ABC RESULTS:               NOR cells:        4
ABC RESULTS:              OAI3 cells:        3
ABC RESULTS:              OAI4 cells:        3
ABC RESULTS:                OR cells:       10
ABC RESULTS:             ORNOT cells:        4
ABC RESULTS:        internal signals:       78
ABC RESULTS:           input signals:        4
ABC RESULTS:          output signals:        4
Removing temp directory.

9.23.5. Extracting gate netlist of module `\gf24_mult' to `<abc-temp-dir>/input.blif'..
Extracted 31 gates and 39 wires to a netlist network with 8 inputs and 4 outputs.

9.23.5.1. Executing ABC.
Running ABC command: berkeley-abc -s -f <abc-temp-dir>/abc.script 2>&1
ABC: ABC command line: "source <abc-temp-dir>/abc.script".
ABC: 
ABC: + read_blif <abc-temp-dir>/input.blif 
ABC: + read_library <abc-temp-dir>/stdcells.genlib 
ABC: Entered genlib library with 17 gates from file "<abc-temp-dir>/stdcells.genlib".
ABC: + strash 
ABC: + dretime 
ABC: + retime 
ABC: + map 
ABC: + write_blif <abc-temp-dir>/output.blif 

9.23.5.2. Re-integrating ABC results.
ABC RESULTS:               AND cells:       10
ABC RESULTS:            ANDNOT cells:        6
ABC RESULTS:              XNOR cells:        3
ABC RESULTS:               XOR cells:       12
ABC RESULTS:        internal signals:       27
ABC RESULTS:           input signals:        8
ABC RESULTS:          output signals:        4
Removing temp directory.

9.23.6. Extracting gate netlist of module `\gf24_square_mult' to `<abc-temp-dir>/input.blif'..
Extracted 5 gates and 9 wires to a netlist network with 4 inputs and 4 outputs.

9.23.6.1. Executing ABC.
Running ABC command: berkeley-abc -s -f <abc-temp-dir>/abc.script 2>&1
ABC: ABC command line: "source <abc-temp-dir>/abc.script".
ABC: 
ABC: + read_blif <abc-temp-dir>/input.blif 
ABC: + read_library <abc-temp-dir>/stdcells.genlib 
ABC: Entered genlib library with 17 gates from file "<abc-temp-dir>/stdcells.genlib".
ABC: + strash 
ABC: + dretime 
ABC: + retime 
ABC: + map 
ABC: + write_blif <abc-temp-dir>/output.blif 

9.23.6.2. Re-integrating ABC results.
ABC RESULTS:              XNOR cells:        3
ABC RESULTS:               XOR cells:        2
ABC RESULTS:        internal signals:        1
ABC RESULTS:           input signals:        4
ABC RESULTS:          output signals:        4
Removing temp directory.

9.23.7. Extracting gate netlist of module `\invmap_8bit' to `<abc-temp-dir>/input.blif'..
Extracted 15 gates and 23 wires to a netlist network with 8 inputs and 7 outputs.

9.23.7.1. Executing ABC.
Running ABC command: berkeley-abc -s -f <abc-temp-dir>/abc.script 2>&1
ABC: ABC command line: "source <abc-temp-dir>/abc.script".
ABC: 
ABC: + read_blif <abc-temp-dir>/input.blif 
ABC: + read_library <abc-temp-dir>/stdcells.genlib 
ABC: Entered genlib library with 17 gates from file "<abc-temp-dir>/stdcells.genlib".
ABC: + strash 
ABC: + dretime 
ABC: + retime 
ABC: + map 
ABC: + write_blif <abc-temp-dir>/output.blif 

9.23.7.2. Re-integrating ABC results.
ABC RESULTS:               NOT cells:        1
ABC RESULTS:              XNOR cells:        5
ABC RESULTS:               XOR cells:       10
ABC RESULTS:        internal signals:        8
ABC RESULTS:           input signals:        8
ABC RESULTS:          output signals:        7
Removing temp directory.

9.23.8. Extracting gate netlist of module `\keyexpansion' to `<abc-temp-dir>/input.blif'..
Extracted 401 gates and 565 wires to a netlist network with 162 inputs and 152 outputs.

9.23.8.1. Executing ABC.
Running ABC command: berkeley-abc -s -f <abc-temp-dir>/abc.script 2>&1
ABC: ABC command line: "source <abc-temp-dir>/abc.script".
ABC: 
ABC: + read_blif <abc-temp-dir>/input.blif 
ABC: + read_library <abc-temp-dir>/stdcells.genlib 
ABC: Entered genlib library with 17 gates from file "<abc-temp-dir>/stdcells.genlib".
ABC: + strash 
ABC: + dretime 
ABC: + retime 
ABC: + map 
ABC: + write_blif <abc-temp-dir>/output.blif 

9.23.8.2. Re-integrating ABC results.
ABC RESULTS:               AND cells:        2
ABC RESULTS:            ANDNOT cells:       23
ABC RESULTS:              AOI3 cells:       18
ABC RESULTS:               MUX cells:      168
ABC RESULTS:              NAND cells:       20
ABC RESULTS:               NOR cells:       10
ABC RESULTS:               NOT cells:       28
ABC RESULTS:              OAI3 cells:       21
ABC RESULTS:              OAI4 cells:        2
ABC RESULTS:                OR cells:       22
ABC RESULTS:             ORNOT cells:       11
ABC RESULTS:              XNOR cells:       15
ABC RESULTS:               XOR cells:       17
ABC RESULTS:        internal signals:      251
ABC RESULTS:           input signals:      162
ABC RESULTS:          output signals:      152
Removing temp directory.

9.23.9. Extracting gate netlist of module `\map_8bit' to `<abc-temp-dir>/input.blif'..
Extracted 16 gates and 24 wires to a netlist network with 8 inputs and 7 outputs.

9.23.9.1. Executing ABC.
Running ABC command: berkeley-abc -s -f <abc-temp-dir>/abc.script 2>&1
ABC: ABC command line: "source <abc-temp-dir>/abc.script".
ABC: 
ABC: + read_blif <abc-temp-dir>/input.blif 
ABC: + read_library <abc-temp-dir>/stdcells.genlib 
ABC: Entered genlib library with 17 gates from file "<abc-temp-dir>/stdcells.genlib".
ABC: + strash 
ABC: + dretime 
ABC: + retime 
ABC: + map 
ABC: + write_blif <abc-temp-dir>/output.blif 

9.23.9.2. Re-integrating ABC results.
ABC RESULTS:               NOT cells:        2
ABC RESULTS:              XNOR cells:        7
ABC RESULTS:               XOR cells:        9
ABC RESULTS:        internal signals:        9
ABC RESULTS:           input signals:        8
ABC RESULTS:          output signals:        7
Removing temp directory.

9.23.10. Extracting gate netlist of module `\native_mixcolumns' to `<abc-temp-dir>/input.blif'..
Extracted 93 gates and 134 wires to a netlist network with 41 inputs and 32 outputs.

9.23.10.1. Executing ABC.
Running ABC command: berkeley-abc -s -f <abc-temp-dir>/abc.script 2>&1
ABC: ABC command line: "source <abc-temp-dir>/abc.script".
ABC: 
ABC: + read_blif <abc-temp-dir>/input.blif 
ABC: + read_library <abc-temp-dir>/stdcells.genlib 
ABC: Entered genlib library with 17 gates from file "<abc-temp-dir>/stdcells.genlib".
ABC: + strash 
ABC: + dretime 
ABC: + retime 
ABC: + map 
ABC: + write_blif <abc-temp-dir>/output.blif 

9.23.10.2. Re-integrating ABC results.
ABC RESULTS:               MUX cells:       32
ABC RESULTS:               NOT cells:        9
ABC RESULTS:              XNOR cells:       16
ABC RESULTS:               XOR cells:       45
ABC RESULTS:        internal signals:       61
ABC RESULTS:           input signals:       41
ABC RESULTS:          output signals:       32
Removing temp directory.

9.23.11. Extracting gate netlist of module `\par2ser' to `<abc-temp-dir>/input.blif'..
Extracted 65 gates and 140 wires to a netlist network with 75 inputs and 40 outputs.

9.23.11.1. Executing ABC.
Running ABC command: berkeley-abc -s -f <abc-temp-dir>/abc.script 2>&1
ABC: ABC command line: "source <abc-temp-dir>/abc.script".
ABC: 
ABC: + read_blif <abc-temp-dir>/input.blif 
ABC: + read_library <abc-temp-dir>/stdcells.genlib 
ABC: Entered genlib library with 17 gates from file "<abc-temp-dir>/stdcells.genlib".
ABC: + strash 
ABC: + dretime 
ABC: + retime 
ABC: + map 
ABC: + write_blif <abc-temp-dir>/output.blif 

9.23.11.2. Re-integrating ABC results.
ABC RESULTS:               MUX cells:       64
ABC RESULTS:               NOR cells:        1
ABC RESULTS:                OR cells:        1
ABC RESULTS:        internal signals:       25
ABC RESULTS:           input signals:       75
ABC RESULTS:          output signals:       40
Removing temp directory.

9.23.12. Extracting gate netlist of module `\sbox_8bit' to `<abc-temp-dir>/input.blif'..
Extracted 8 gates and 24 wires to a netlist network with 16 inputs and 8 outputs.

9.23.12.1. Executing ABC.
Running ABC command: berkeley-abc -s -f <abc-temp-dir>/abc.script 2>&1
ABC: ABC command line: "source <abc-temp-dir>/abc.script".
ABC: 
ABC: + read_blif <abc-temp-dir>/input.blif 
ABC: + read_library <abc-temp-dir>/stdcells.genlib 
ABC: Entered genlib library with 17 gates from file "<abc-temp-dir>/stdcells.genlib".
ABC: + strash 
ABC: + dretime 
ABC: + retime 
ABC: + map 
ABC: + write_blif <abc-temp-dir>/output.blif 

9.23.12.2. Re-integrating ABC results.
ABC RESULTS:               XOR cells:        8
ABC RESULTS:        internal signals:        0
ABC RESULTS:           input signals:       16
ABC RESULTS:          output signals:        8
Removing temp directory.

9.24. Executing OPT pass (performing simple optimizations).

9.24.1. Executing OPT_EXPR pass (perform const folding).
Optimizing module aes.
Optimizing module affine.
Optimizing module bytepermutation.
Optimizing module gf24_inv.
Optimizing module gf24_mult.
Optimizing module gf24_square_mult.
Optimizing module invmap_8bit.
Optimizing module keyexpansion.
Optimizing module map_8bit.
Optimizing module native_mixcolumns.
Optimizing module par2ser.
Optimizing module sbox_8bit.

9.24.2. Executing OPT_MERGE pass (detect identical cells).
Finding identical cells in module `\aes'.
<suppressed ~6 debug messages>
Finding identical cells in module `\affine'.
Finding identical cells in module `\bytepermutation'.
<suppressed ~9 debug messages>
Finding identical cells in module `\gf24_inv'.
Finding identical cells in module `\gf24_mult'.
Finding identical cells in module `\gf24_square_mult'.
Finding identical cells in module `\invmap_8bit'.
Finding identical cells in module `\keyexpansion'.
Finding identical cells in module `\map_8bit'.
Finding identical cells in module `\native_mixcolumns'.
Finding identical cells in module `\par2ser'.
Finding identical cells in module `\sbox_8bit'.
Removed a total of 5 cells.

9.24.3. Executing OPT_RMDFF pass (remove dff with constant values).

9.24.4. Executing OPT_CLEAN pass (remove unused cells and wires).
Finding unused cells or wires in module \aes..
Finding unused cells or wires in module \affine..
Finding unused cells or wires in module \bytepermutation..
Finding unused cells or wires in module \gf24_inv..
Finding unused cells or wires in module \gf24_mult..
Finding unused cells or wires in module \gf24_square_mult..
Finding unused cells or wires in module \invmap_8bit..
Finding unused cells or wires in module \keyexpansion..
Finding unused cells or wires in module \map_8bit..
Finding unused cells or wires in module \native_mixcolumns..
Finding unused cells or wires in module \par2ser..
Finding unused cells or wires in module \sbox_8bit..
Removed 0 unused cells and 1312 unused wires.
<suppressed ~25 debug messages>

9.24.5. Finished fast OPT passes.

9.25. Executing HIERARCHY pass (managing design hierarchy).

9.25.1. Analyzing design hierarchy..
Top module:  \aes
Used module:     \bytepermutation
Used module:     \invmap_8bit
Used module:     \keyexpansion
Used module:     \map_8bit
Used module:     \native_mixcolumns
Used module:     \sbox_8bit
Used module:         \gf24_square_mult
Used module:         \gf24_mult
Used module:         \gf24_inv
Used module:         \affine
Used module:     \par2ser

9.25.2. Analyzing design hierarchy..
Top module:  \aes
Used module:     \bytepermutation
Used module:     \invmap_8bit
Used module:     \keyexpansion
Used module:     \map_8bit
Used module:     \native_mixcolumns
Used module:     \sbox_8bit
Used module:         \gf24_square_mult
Used module:         \gf24_mult
Used module:         \gf24_inv
Used module:         \affine
Used module:     \par2ser
Removed 0 unused modules.

9.26. Printing statistics.

=== aes ===

   Number of wires:                119
   Number of wire bits:            302
   Number of public wires:          52
   Number of public wire bits:     221
   Number of memories:               0
   Number of memory bits:            0
   Number of processes:              0
   Number of cells:                132
     $_ANDNOT_                      16
     $_AND_                          3
     $_AOI3_                         1
     $_DFF_PN0_                     10
     $_DFF_P_                        8
     $_DLATCH_P_                     2
     $_MUX_                         22
     $_NAND_                         4
     $_NOR_                          2
     $_NOT_                         11
     $_OAI3_                         4
     $_OAI4_                         3
     $_ORNOT_                        2
     $_OR_                          11
     $_XNOR_                         2
     $_XOR_                         22
     bytepermutation                 1
     invmap_8bit                     1
     keyexpansion                    1
     map_8bit                        2
     native_mixcolumns               1
     par2ser                         1
     sbox_8bit                       2

=== affine ===

   Number of wires:                 16
   Number of wire bits:             30
   Number of public wires:           2
   Number of public wire bits:      16
   Number of memories:               0
   Number of memory bits:            0
   Number of processes:              0
   Number of cells:                 22
     $_XNOR_                         9
     $_XOR_                         13

=== bytepermutation ===

   Number of wires:                158
   Number of wire bits:            344
   Number of public wires:          19
   Number of public wire bits:     121
   Number of memories:               0
   Number of memory bits:            0
   Number of processes:              0
   Number of cells:                327
     $_ANDNOT_                       8
     $_AND_                          4
     $_DFF_P_                       96
     $_MUX_                        144
     $_NAND_                         4
     $_NOR_                          4
     $_NOT_                         32
     $_OAI3_                         5
     $_OAI4_                        24
     $_ORNOT_                        3
     $_OR_                           3

=== gf24_inv ===

   Number of wires:                 53
   Number of wire bits:             59
   Number of public wires:           2
   Number of public wire bits:       8
   Number of memories:               0
   Number of memory bits:            0
   Number of processes:              0
   Number of cells:                 55
     $_ANDNOT_                      16
     $_AND_                          3
     $_AOI3_                         9
     $_NAND_                         3
     $_NOR_                          4
     $_OAI3_                         3
     $_OAI4_                         3
     $_ORNOT_                        4
     $_OR_                          10

=== gf24_mult ===

   Number of wires:                 30
   Number of wire bits:             39
   Number of public wires:           3
   Number of public wire bits:      12
   Number of memories:               0
   Number of memory bits:            0
   Number of processes:              0
   Number of cells:                 31
     $_ANDNOT_                       6
     $_AND_                         10
     $_XNOR_                         3
     $_XOR_                         12

=== gf24_square_mult ===

   Number of wires:                  4
   Number of wire bits:             11
   Number of public wires:           3
   Number of public wire bits:      10
   Number of memories:               0
   Number of memory bits:            0
   Number of processes:              0
   Number of cells:                  5
     $_XNOR_                         3
     $_XOR_                          2

=== invmap_8bit ===

   Number of wires:                 11
   Number of wire bits:             25
   Number of public wires:           2
   Number of public wire bits:      16
   Number of memories:               0
   Number of memory bits:            0
   Number of processes:              0
   Number of cells:                 16
     $_NOT_                          1
     $_XNOR_                         5
     $_XOR_                         10

=== keyexpansion ===

   Number of wires:                251
   Number of wire bits:            538
   Number of public wires:          29
   Number of public wire bits:     197
   Number of memories:               0
   Number of memory bits:            0
   Number of processes:              0
   Number of cells:                493
     $_ANDNOT_                      23
     $_AND_                          2
     $_AOI3_                        18
     $_DFF_P_                      136
     $_MUX_                        168
     $_NAND_                        20
     $_NOR_                         10
     $_NOT_                         28
     $_OAI3_                        21
     $_OAI4_                         2
     $_ORNOT_                       11
     $_OR_                          22
     $_XNOR_                        15
     $_XOR_                         17

=== map_8bit ===

   Number of wires:                 13
   Number of wire bits:             27
   Number of public wires:           2
   Number of public wire bits:      16
   Number of memories:               0
   Number of memory bits:            0
   Number of processes:              0
   Number of cells:                 18
     $_NOT_                          2
     $_XNOR_                         7
     $_XOR_                          9

=== native_mixcolumns ===

   Number of wires:                 86
   Number of wire bits:            184
   Number of public wires:          12
   Number of public wire bits:      82
   Number of memories:               0
   Number of memory bits:            0
   Number of processes:              0
   Number of cells:                134
     $_DFF_P_                       32
     $_MUX_                         32
     $_NOT_                          9
     $_XNOR_                        16
     $_XOR_                         45

=== par2ser ===

   Number of wires:                 44
   Number of wire bits:            142
   Number of public wires:          14
   Number of public wire bits:      84
   Number of memories:               0
   Number of memory bits:            0
   Number of processes:              0
   Number of cells:                 98
     $_DFF_P_                       32
     $_MUX_                         64
     $_NOR_                          1
     $_OR_                           1

=== sbox_8bit ===

   Number of wires:                 10
   Number of wire bits:             52
   Number of public wires:          10
   Number of public wire bits:      52
   Number of memories:               0
   Number of memory bits:            0
   Number of processes:              0
   Number of cells:                 14
     $_XOR_                          8
     affine                          1
     gf24_inv                        1
     gf24_mult                       3
     gf24_square_mult                1

=== design hierarchy ===

   aes                               1
     bytepermutation                 1
     invmap_8bit                     1
     keyexpansion                    1
     map_8bit                        2
     native_mixcolumns               1
     par2ser                         1
     sbox_8bit                       2
       affine                        1
       gf24_inv                      1
       gf24_mult                     3
       gf24_square_mult              1

   Number of wires:               1041
   Number of wire bits:           2127
   Number of public wires:         184
   Number of public wire bits:     997
   Number of memories:               0
   Number of memory bits:            0
   Number of processes:              0
   Number of cells:               1593
     $_ANDNOT_                     115
     $_AND_                         75
     $_AOI3_                        37
     $_DFF_PN0_                     10
     $_DFF_P_                      304
     $_DLATCH_P_                     2
     $_MUX_                        430
     $_NAND_                        34
     $_NOR_                         25
     $_NOT_                         85
     $_OAI3_                        36
     $_OAI4_                        35
     $_ORNOT_                       24
     $_OR_                          57
     $_XNOR_                        94
     $_XOR_                        230

9.27. Executing CHECK pass (checking for obvious problems).
checking module aes..
checking module affine..
checking module bytepermutation..
checking module gf24_inv..
checking module gf24_mult..
checking module gf24_square_mult..
checking module invmap_8bit..
checking module keyexpansion..
checking module map_8bit..
checking module native_mixcolumns..
checking module par2ser..
checking module sbox_8bit..
found and reported 0 problems.

Warnings: 5 unique messages, 5 total
End of script. Logfile hash: 1233d8d228
CPU: user 0.78s system 0.02s, MEM: 22.61 MB total, 16.88 MB resident
Yosys 0.9 (git sha1 1979e0b)
Time spent: 22% 18x opt_clean (0 sec), 19% 16x opt_expr (0 sec), ...
